|V|*[1000],|E|*[1000],T(n) std,T(n) fibo,T(n) binary,Theo. T(n),stdErwartungswert,stdStandardabweichung,stdErw.-StdAbw.,stdErw.+StdAbw.,std Q_.25,std Q_.5,std Q_.75,std a,std b,std |[Q_.25 Q_.75]|,std |[a b]|,fiboErwartungswert,fiboStandardabweichung,fiboErw.-StdAbw.,fiboErw.+StdAbw.,fibo Q_.25,fibo Q_.5,fibo Q_.75,fibo a,fibo b,fibo |[Q_.25 Q_.75]|,fibo |[a b]|,binaryErwartungswert,binaryStandardabweichung,binaryErw.-StdAbw.,binaryErw.+StdAbw.,binary Q_.25,binary Q_.5,binary Q_.75,binary a,binary b,binary |[Q_.25 Q_.75]|,binary |[a b]|
0.002, 0.001, 0.022346, 0.976884, 0.766081, , , 
0.002, 0.001, 0.015353, 0.020465, 0.016033, , , 
0.002, 0.001, 0.008546, 0.026098, 0.038835, , , 
0.002, 0.001, 0.012226, 0.026546, 0.022434, , , 
0.002, 0.001, 0.011258, 0.034008, 0.022655, , , 
0.002, 0.001, 0.00846, 0.017173, 0.015256, , , 
0.002, 0.001, 0.015804, 0.030474, 0.026086, , , 
0.002, 0.001, 0.021414, 0.037506, 0.030188, , , 
0.002, 0.001, 0.018212, 0.028678, 0.025299, , , 
0.002, 0.001, 0.012831, 0.030698, 0.049002, , , 
0.002, 0.001, 0.023662, 0.043482, 0.03536, , , 
0.002, 0.001, 0.013548, 0.027684, 0.047593, , , 
0.002, 0.001, 0.01149, 0.025889, 0.021388, , , 
0.002, 0.001, 0.011636, 0.024253, 0.021502, , , 
0.002, 0.001, 0.012623, 0.025308, 0.019989, , , 
0.002, 0.001, 0.016207, 0.026636, 0.041492, , , 
0.002, 0.001, 0.010814, 0.018394, 0.014476, , , 
0.002, 0.001, 0.011475, 0.023576, 0.020634, , , 
0.002, 0.001, 0.010107, 0.039726, 0.020547, , , 
0.002, 0.001, 0.010556, 0.027014, 0.022343, , , 
0.002, 0.001, 0.009194, 0.022161, 0.019892, , , 
0.002, 0.001, 0.012675, 0.025988, 0.02756, , , 
0.002, 0.001, 0.011567, 0.021509, 0.021248, , , 
0.002, 0.001, 0.011816, 0.026493, 0.020036, , , 
0.002, 0.001, 0.01036, 0.022329, 0.021868, , , 
0.002, 0.001, 0.011751, 0.063196, 0.027024, , , 
0.002, 0.001, 0.015637, 0.029849, 0.022525, , , 
0.002, 0.001, 0.034409, 0.031386, 0.024316, , , 
0.002, 0.001, 0.014608, 0.039635, 0.022867, , , 
0.002, 0.001, 0.01904, 0.038289, 0.031474, , , 
0.002, 0.001, 0.013914, 0.07336, 0.054279, , , 
0.002, 0.001, 0.012216, 0.033821, 1.687331, , , 
0.002, 0.001, 0.014672, 0.027516, 0.015818, , , 
0.002, 0.001, 0.010674, 0.019509, 0.01525, , , 
0.002, 0.001, 0.006936, 0.035535, 0.021022, , , 
0.002, 0.001, 0.011622, 0.024377, 0.02015, , , 
0.002, 0.001, 0.009188, 0.017974, 0.019646, , , 
0.002, 0.001, 0.011077, 0.021432, 0.014737, , , 
0.002, 0.001, 0.009991, 0.023793, 0.018457, , , 
0.002, 0.001, 0.012516, 0.027929, 0.023513, 1.0545177444479564E-5, 0.013538, 0.005029182808866665, 0.008508817191133335, 0.018567182808866666, 0.053395, 0.1482793186915323, -0.0948843186915323, 0.2016743186915323, 0.085134, 0.2815766807413213, -0.1964426807413213, 0.3667106807413213, 0.0182465, 0.009875, 0.016477, 0.022346, 0.012516, 0.0, 0.0, 0.03709, 0.0245875, 0.0558245, 0.976884, 0.027929, 5.0, 39.0, 0.042181, 0.0211175, 0.0428765, 0.766081, 0.023513, 0.0, 1.0
0.012, 0.066, 0.461819, 9.330251, 8.333446, , , 
0.012, 0.066, 0.236779, 0.911487, 0.729136, , , 
0.012, 0.066, 0.190341, 0.735681, 0.626607, , , 
0.012, 0.066, 0.231592, 0.757529, 0.185388, , , 
0.012, 0.066, 0.193375, 1.720334, 0.657304, , , 
0.012, 0.066, 0.21432, 0.684885, 0.165877, , , 
0.012, 0.066, 0.188632, 0.681507, 0.651805, , , 
0.012, 0.066, 0.187644, 0.692619, 0.616088, , , 
0.012, 0.066, 0.279598, 0.287258, 0.192925, , , 
0.012, 0.066, 0.23341, 0.290204, 0.786613, , , 
0.012, 0.066, 0.164573, 0.613131, 0.66033, , , 
0.012, 0.066, 0.173056, 0.636476, 0.620076, , , 
0.012, 0.066, 0.24367, 0.683296, 0.593244, , , 
0.012, 0.066, 0.185886, 0.181054, 0.165686, , , 
0.012, 0.066, 0.16095, 0.128917, 0.537683, , , 
0.012, 0.066, 0.234715, 0.646334, 0.595494, , , 
0.012, 0.066, 0.17092, 0.139527, 0.532414, , , 
0.012, 0.066, 0.283043, 0.652409, 0.561228, , , 
0.012, 0.066, 0.249057, 0.159015, 0.824002, , , 
0.012, 0.066, 0.172931, 0.621967, 0.124957, , , 
0.012, 0.066, 0.178639, 0.739983, 0.742141, , , 
0.012, 0.066, 0.170394, 0.132935, 0.550847, , , 
0.012, 0.066, 0.190873, 0.154108, 0.262669, , , 
0.012, 0.066, 0.263307, 0.160219, 0.587488, , , 
0.012, 0.066, 0.243883, 3.479025, 0.48272, , , 
0.012, 0.066, 0.085893, 0.527508, 0.790514, , , 
0.012, 0.066, 0.113586, 0.127371, 1.441365, , , 
0.012, 0.066, 0.138719, 0.175858, 0.409642, , , 
0.012, 0.066, 0.063971, 0.483797, 0.378383, , , 
0.012, 0.066, 0.040965, 0.127748, 0.091634, , , 
0.012, 0.066, 0.037119, 0.163292, 0.34209, , , 
0.012, 0.066, 0.147675, 0.170931, 0.355821, , , 
0.012, 0.066, 0.668816, 0.494147, 0.407749, , , 
0.012, 0.066, 0.042609, 0.450001, 0.074082, , , 
0.012, 0.066, 0.112998, 0.401894, 0.304209, , , 
0.012, 0.066, 1.801272, 0.131087, 2.177474, , , 
0.012, 0.066, 0.110454, 0.464749, 0.393914, , , 
0.012, 0.066, 0.048363, 0.144325, 0.291965, , , 
0.012, 0.066, 0.080543, 0.098496, 0.223212, , , 
0.012, 0.066, 0.035421, 0.436402, 0.364312, 0.004085729892859104, 0.225775, 0.27675133782707356, -0.05097633782707359, 0.5025263378270736, 0.740428, 1.4882394427531898, -0.7478114427531897, 2.22866744275319, 0.720797, 1.2735297762525617, -0.5527327762525617, 1.9943267762525616, 0.1989915, 0.175785, 0.039042, 0.461819, -0.20088225, 0.0, 0.0, 0.4516675, 0.680975, 0.14552, 9.330251, -0.31370125, 0.0, 0.0, 0.7234715, 0.433549, 0.216862, 8.333446, -0.54305225, 0.0, 0.0
0.022, 0.231, 0.427867, 0.966656, 0.988785, , , 
0.022, 0.231, 0.337877, 1.213157, 0.811301, , , 
0.022, 0.231, 0.477842, 2.129378, 0.72125, , , 
0.022, 0.231, 0.126968, 0.952317, 0.662481, , , 
0.022, 0.231, 0.653177, 0.304936, 0.509188, , , 
0.022, 0.231, 0.305553, 0.575801, 0.474237, , , 
0.022, 0.231, 0.329374, 0.789508, 0.96866, , , 
0.022, 0.231, 0.446945, 0.770974, 0.648138, , , 
0.022, 0.231, 0.103126, 1.141635, 0.822725, , , 
0.022, 0.231, 0.230609, 0.792949, 0.570948, , , 
0.022, 0.231, 0.2342, 0.491953, 0.623257, , , 
0.022, 0.231, 0.444986, 0.657001, 0.189659, , , 
0.022, 0.231, 0.244871, 0.700635, 0.954212, , , 
0.022, 0.231, 0.444193, 0.667847, 0.467586, , , 
0.022, 0.231, 0.242065, 0.608555, 0.599584, , , 
0.022, 0.231, 0.445461, 1.081058, 0.473198, , , 
0.022, 0.231, 0.114736, 0.952756, 0.57888, , , 
0.022, 0.231, 0.316182, 0.444214, 0.775476, , , 
0.022, 0.231, 0.286198, 0.557866, 0.574023, , , 
0.022, 0.231, 0.363636, 0.398487, 0.631612, , , 
0.022, 0.231, 0.441262, 7.185739, 3.207343, , , 
0.022, 0.231, 0.09636, 0.40369, 0.669501, , , 
0.022, 0.231, 0.320822, 0.191033, 0.337851, , , 
0.022, 0.231, 0.320603, 0.478524, 0.419753, , , 
0.022, 0.231, 0.095445, 0.455068, 6.627875, , , 
0.022, 0.231, 0.462749, 0.88622, 0.374456, , , 
0.022, 0.231, 0.109348, 3.310894, 0.243891, , , 
0.022, 0.231, 0.173279, 0.669132, 0.64983, , , 
0.022, 0.231, 0.075616, 0.496474, 0.365262, , , 
0.022, 0.231, 0.173053, 0.443075, 0.638576, , , 
0.022, 0.231, 0.180324, 0.311019, 0.596593, , , 
0.022, 0.231, 0.841548, 0.516815, 0.303021, , , 
0.022, 0.231, 0.184813, 1.064547, 0.47155, , , 
0.022, 0.231, 0.202139, 0.408635, 0.363104, , , 
0.022, 0.231, 0.341157, 0.239266, 0.274819, , , 
0.022, 0.231, 0.202065, 0.256886, 0.400644, , , 
0.022, 0.231, 3.666053, 0.374649, 0.224205, , , 
0.022, 0.231, 0.264249, 0.249937, 0.095346, , , 
0.022, 0.231, 0.185771, 0.259088, 0.305968, , , 
0.022, 0.231, 0.165326, 0.284335, 0.277091, 0.03182836136388169, 0.376927, 0.5500091894581853, -0.17308218945818535, 0.9269361894581853, 0.867047, 1.1524103276690665, -0.28536332766906636, 2.019457327669066, 0.747277, 1.0522671460656154, -0.30499014606561536, 1.7995441460656154, 0.2324045, 0.402449, 0.1766885, 0.427867, 0.0931145, 0.0, 0.0, 0.642451, 3.792113, 0.377047, 1.040557, -0.021059, 0.0, 0.0, 0.5971025, 1.9194775, 0.6175845, 0.988785, 0.277091, 1.0, 9.0
0.032, 0.496, 0.369727, 0.331969, 0.693677, , , 
0.032, 0.496, 0.302574, 0.176673, 0.179219, , , 
0.032, 0.496, 0.378323, 0.195693, 0.592102, , , 
0.032, 0.496, 0.347257, 0.795219, 0.334297, , , 
0.032, 0.496, 0.244585, 0.442688, 0.509867, , , 
0.032, 0.496, 0.414934, 0.51114, 0.661733, , , 
0.032, 0.496, 0.171559, 0.188961, 0.649769, , , 
0.032, 0.496, 0.47189, 0.646061, 2.639603, , , 
0.032, 0.496, 0.58358, 0.806067, 0.215428, , , 
0.032, 0.496, 0.404723, 0.784582, 0.426256, , , 
0.032, 0.496, 0.331498, 0.781586, 0.423517, , , 
0.032, 0.496, 0.190787, 0.653439, 0.201772, , , 
0.032, 0.496, 0.349717, 0.428311, 0.20007, , , 
0.032, 0.496, 0.576057, 0.622373, 0.551622, , , 
0.032, 0.496, 0.345903, 0.19703, 0.518881, , , 
0.032, 0.496, 0.525211, 0.639857, 0.512684, , , 
0.032, 0.496, 0.205481, 0.251721, 0.166263, , , 
0.032, 0.496, 0.375508, 1.371593, 0.750744, , , 
0.032, 0.496, 0.141746, 0.674195, 0.216725, , , 
0.032, 0.496, 0.351926, 0.595638, 0.589327, , , 
0.032, 0.496, 0.502796, 0.224903, 0.16791, , , 
0.032, 0.496, 0.326966, 0.178951, 0.534297, , , 
0.032, 0.496, 0.548149, 0.761753, 0.446594, , , 
0.032, 0.496, 0.434733, 0.61463, 0.68927, , , 
0.032, 0.496, 0.3972, 0.601433, 0.512082, , , 
0.032, 0.496, 0.311694, 0.19741, 0.563626, , , 
0.032, 0.496, 0.650594, 0.969598, 1.02136, , , 
0.032, 0.496, 0.531163, 0.742792, 0.208756, , , 
0.032, 0.496, 0.377934, 0.559114, 0.164065, , , 
0.032, 0.496, 0.353894, 0.55537, 0.224838, , , 
0.032, 0.496, 0.434489, 0.499041, 0.724044, , , 
0.032, 0.496, 0.494641, 0.604845, 0.550785, , , 
0.032, 0.496, 0.166482, 0.559504, 0.172257, , , 
0.032, 0.496, 0.50043, 0.723207, 0.284816, , , 
0.032, 0.496, 0.398236, 0.225913, 0.640457, , , 
0.032, 0.496, 0.10538, 0.211681, 0.393947, , , 
0.032, 0.496, 0.295268, 0.711101, 0.6809, , , 
0.032, 0.496, 0.144235, 0.597637, 0.528428, , , 
0.032, 0.496, 0.432225, 0.582665, 0.455563, , , 
0.032, 0.496, 0.170683, 0.708578, 0.567674, 0.11079812759625371, 0.366487, 0.1335884031598551, 0.23289859684014488, 0.5000754031598551, 0.548101, 0.25433498607083144, 0.29376601392916857, 0.8024359860708314, 0.514111, 0.39716738195208706, 0.11694361804791295, 0.911278381952087, 0.3681105, 0.427361, 0.3941915, 0.369727, 0.170683, 4.0, 15.0, 0.783084, 0.4102705, 0.5272055, 1.16690175, 0.14338775, 0.0, 0.0, 0.4248865, 0.3786185, 0.474441, 0.693677, 0.54877275, 3.0, 11.0
0.042, 0.861, 1.572873, 0.648133, 0.705293, , , 
0.042, 0.861, 0.944904, 0.303589, 0.49076, , , 
0.042, 0.861, 2.521997, 0.273018, 0.701277, , , 
0.042, 0.861, 1.096072, 0.361058, 0.353295, , , 
0.042, 0.861, 1.399313, 0.771671, 1.436384, , , 
0.042, 0.861, 1.663642, 0.433449, 1.641813, , , 
0.042, 0.861, 1.146675, 1.355168, 0.522951, , , 
0.042, 0.861, 1.173592, 1.026716, 0.19817, , , 
0.042, 0.861, 3.199017, 1.428292, 0.304801, , , 
0.042, 0.861, 0.481133, 0.621997, 1.363566, , , 
0.042, 0.861, 0.358763, 1.274703, 1.251799, , , 
0.042, 0.861, 1.086159, 0.666878, 0.30986, , , 
0.042, 0.861, 0.293142, 1.424127, 0.752896, , , 
0.042, 0.861, 0.537975, 0.341006, 0.327346, , , 
0.042, 0.861, 0.568129, 1.351259, 1.384256, , , 
0.042, 0.861, 1.176735, 0.584719, 0.480215, , , 
0.042, 0.861, 0.524205, 0.27551, 0.562542, , , 
0.042, 0.861, 0.8314, 0.717681, 0.797358, , , 
0.042, 0.861, 0.189673, 1.077684, 1.326232, , , 
0.042, 0.861, 0.475956, 2.972041, 0.327177, , , 
0.042, 0.861, 0.318269, 0.3893, 0.585435, , , 
0.042, 0.861, 0.281637, 0.287764, 0.716497, , , 
0.042, 0.861, 1.091883, 0.780123, 0.534592, , , 
0.042, 0.861, 1.102699, 1.276603, 1.072615, , , 
0.042, 0.861, 1.78728, 1.361093, 1.278835, , , 
0.042, 0.861, 0.251621, 0.307191, 1.299594, , , 
0.042, 0.861, 0.430206, 1.051769, 1.290298, , , 
0.042, 0.861, 0.318808, 0.307022, 1.093232, , , 
0.042, 0.861, 0.243713, 0.31546, 1.148653, , , 
0.042, 0.861, 1.654869, 0.535717, 0.326986, , , 
0.042, 0.861, 0.517702, 1.278508, 0.560615, , , 
0.042, 0.861, 0.45378, 8.078534, 1.129183, , , 
0.042, 0.861, 0.547687, 3.071871, 0.298457, , , 
0.042, 0.861, 0.312711, 0.630595, 0.694129, , , 
0.042, 0.861, 1.162091, 0.325305, 1.207416, , , 
0.042, 0.861, 0.295846, 0.334764, 0.501223, , , 
0.042, 0.861, 0.302824, 0.604932, 1.217255, , , 
0.042, 0.861, 0.254022, 0.727588, 0.576393, , , 
0.042, 0.861, 0.26788, 0.508515, 0.276698, , , 
0.042, 0.861, 0.10741, 0.250144, 0.527024, 0.2715821817206622, 0.823588, 0.6667090042686352, 0.15687899573136482, 1.490297004268635, 1.008268, 1.2970483400597006, -0.28878034005970066, 2.3053163400597003, 0.789307, 0.40929874345522366, 0.3800082565447763, 1.1986057434552237, 0.419948, 0.3971125, 1.0862855, 1.572873, 0.10741, 12.0, 38.0, 0.94835, 1.6806705, 0.9071125, 1.01020625, 0.250144, 0.0, 0.0, 1.3076825, 0.456306, 0.4438005, 2.6035055, -0.8520225, 0.0, 0.0
0.052, 1.326, 3.456111, 1.900606, 2.529251, , , 
0.052, 1.326, 0.404351, 1.411846, 2.704562, , , 
0.052, 1.326, 0.28759, 1.17494, 0.488193, , , 
0.052, 1.326, 1.756927, 2.465948, 0.347446, , , 
0.052, 1.326, 1.790877, 1.244723, 0.487794, , , 
0.052, 1.326, 1.222917, 0.361685, 0.966732, , , 
0.052, 1.326, 0.737685, 0.647408, 0.877999, , , 
0.052, 1.326, 1.394275, 0.422164, 2.33777, , , 
0.052, 1.326, 1.416526, 1.899658, 2.656832, , , 
0.052, 1.326, 0.807081, 3.607664, 0.356472, , , 
0.052, 1.326, 0.464288, 2.87402, 0.394359, , , 
0.052, 1.326, 0.838719, 2.498372, 1.137022, , , 
0.052, 1.326, 1.654589, 2.491534, 0.496457, , , 
0.052, 1.326, 1.10111, 1.866603, 1.118367, , , 
0.052, 1.326, 0.83886, 1.956641, 1.823404, , , 
0.052, 1.326, 0.943354, 1.106848, 0.329367, , , 
0.052, 1.326, 0.177695, 1.242993, 1.32052, , , 
0.052, 1.326, 0.283059, 1.170804, 1.866555, , , 
0.052, 1.326, 1.416308, 2.313496, 0.474404, , , 
0.052, 1.326, 0.310838, 2.850286, 0.409158, , , 
0.052, 1.326, 0.890065, 0.563724, 2.132147, , , 
0.052, 1.326, 0.871322, 0.434339, 2.45459, , , 
0.052, 1.326, 1.38531, 1.397859, 0.525538, , , 
0.052, 1.326, 0.831748, 0.381535, 1.127917, , , 
0.052, 1.326, 0.332277, 0.535853, 0.396676, , , 
0.052, 1.326, 1.45921, 0.234994, 0.182488, , , 
0.052, 1.326, 1.115431, 0.812221, 1.631868, , , 
0.052, 1.326, 0.606372, 2.587835, 0.201829, , , 
0.052, 1.326, 0.226687, 1.905401, 2.172916, , , 
0.052, 1.326, 0.111914, 0.382404, 0.373085, , , 
0.052, 1.326, 0.32306, 1.752664, 0.794971, , , 
0.052, 1.326, 0.158026, 0.141643, 0.180464, , , 
0.052, 1.326, 1.115116, 2.438114, 0.339789, , , 
0.052, 1.326, 0.414009, 1.568885, 1.696924, , , 
0.052, 1.326, 0.398627, 2.670815, 1.309113, , , 
0.052, 1.326, 1.117673, 1.899189, 0.422747, , , 
0.052, 1.326, 1.545329, 1.879769, 0.607235, , , 
0.052, 1.326, 1.122208, 1.08544, 2.238646, , , 
0.052, 1.326, 0.794988, 0.581603, 1.353179, , , 
0.052, 1.326, 1.004004, 0.582354, 0.355382, 0.5467332431139856, 0.928141, 0.6257646979228694, 0.3023763020771306, 1.5539056979228694, 1.483608, 0.8842091593764735, 0.5993988406235264, 2.3678171593764734, 1.090483, 0.8040908600845118, 0.2863921399154882, 1.894573860084512, 0.6356845, 0.6004515, 0.217487, 3.456111, -0.40980925, 0.0, 0.0, 3.240842, 1.707005, 1.067534, 6.500804, -2.192428, 0.0, 0.0, 0.3754155, 1.2706525, 0.584028, 2.529251, 0.355382, 9.0, 21.0
0.062, 1.891, 1.221201, 1.912255, 1.030124, , , 
0.062, 1.891, 0.202281, 0.425398, 0.208844, , , 
0.062, 1.891, 0.527052, 1.971472, 3.380736, , , 
0.062, 1.891, 0.496816, 2.757101, 2.837879, , , 
0.062, 1.891, 2.623946, 2.016325, 3.494617, , , 
0.062, 1.891, 5.174933, 1.356616, 2.414342, , , 
0.062, 1.891, 1.672858, 1.931659, 1.983167, , , 
0.062, 1.891, 0.242275, 0.309844, 0.615617, , , 
0.062, 1.891, 1.50328, 0.967941, 3.058041, , , 
0.062, 1.891, 2.574155, 2.034907, 5.794278, , , 
0.062, 1.891, 1.459585, 1.923032, 2.652006, , , 
0.062, 1.891, 2.33112, 3.065032, 0.458449, , , 
0.062, 1.891, 2.134878, 3.054199, 0.910281, , , 
0.062, 1.891, 3.068563, 1.822904, 1.535392, , , 
0.062, 1.891, 2.558801, 0.411835, 0.636849, , , 
0.062, 1.891, 0.34097, 0.333658, 0.230412, , , 
0.062, 1.891, 0.305047, 0.12189, 0.975649, , , 
0.062, 1.891, 1.904556, 0.144482, 0.297101, , , 
0.062, 1.891, 0.887438, 0.125211, 0.299912, , , 
0.062, 1.891, 1.792731, 0.597454, 0.403341, , , 
0.062, 1.891, 2.48339, 0.732575, 0.855257, , , 
0.062, 1.891, 0.497701, 0.588915, 0.342313, , , 
0.062, 1.891, 0.885076, 1.959432, 2.979321, , , 
0.062, 1.891, 2.822233, 2.857164, 0.569166, , , 
0.062, 1.891, 0.304235, 1.63813, 0.13885, , , 
0.062, 1.891, 0.287225, 1.702044, 1.879266, , , 
0.062, 1.891, 1.717961, 0.705966, 2.779615, , , 
0.062, 1.891, 1.996052, 0.42096, 0.551707, , , 
0.062, 1.891, 2.727828, 1.782888, 0.251164, , , 
0.062, 1.891, 0.439689, 0.371097, 1.942422, , , 
0.062, 1.891, 0.214786, 2.025975, 2.200716, , , 
0.062, 1.891, 3.004997, 0.522132, 3.52751, , , 
0.062, 1.891, 2.840729, 0.4643, 2.632551, , , 
0.062, 1.891, 0.410935, 2.895215, 0.185062, , , 
0.062, 1.891, 0.43752, 0.358591, 1.470423, , , 
0.062, 1.891, 0.333236, 2.055964, 1.902624, , , 
0.062, 1.891, 2.110359, 0.610621, 2.491338, , , 
0.062, 1.891, 0.711435, 0.170975, 0.250591, , , 
0.062, 1.891, 1.757401, 1.779412, 0.58528, , , 
0.062, 1.891, 0.152949, 0.462836, 1.895128, 0.9702737438066589, 1.478936, 1.134637423863357, 0.34429857613664305, 2.613573423863357, 1.284692, 0.9236404727282824, 0.3610515272717176, 2.2083324727282823, 1.566166, 1.2809709984517508, 0.2851950015482493, 2.847136998451751, 2.01687, 2.1380605, 0.3272375, 4.55131875, -2.20721125, 0.0, 0.0, 1.9789695, 0.6650145, 1.198536, 3.14961975, 0.02788575, 0.0, 0.0, 4.223142, 0.629299, 2.071569, 7.4505015, -1.1557905, 0.0, 0.0
0.072, 2.556, 4.477172, 4.611684, 2.61748, , , 
0.072, 2.556, 11.477643, 6.719748, 10.178916, , , 
0.072, 2.556, 7.157387, 2.766112, 4.923144, , , 
0.072, 2.556, 3.431322, 1.68236, 0.774174, , , 
0.072, 2.556, 0.744267, 1.808628, 2.553936, , , 
0.072, 2.556, 3.933103, 5.336542, 3.519026, , , 
0.072, 2.556, 4.552883, 3.832033, 5.42556, , , 
0.072, 2.556, 0.71603, 10.23507, 3.812652, , , 
0.072, 2.556, 2.243338, 14.355156, 2.5495, , , 
0.072, 2.556, 1.803499, 3.693393, 1.830278, , , 
0.072, 2.556, 4.935178, 1.98872, 0.730557, , , 
0.072, 2.556, 12.614275, 3.428427, 3.94669, , , 
0.072, 2.556, 0.788183, 2.771344, 3.976217, , , 
0.072, 2.556, 0.787195, 1.643972, 12.628086, , , 
0.072, 2.556, 0.781495, 5.351028, 4.925432, , , 
0.072, 2.556, 4.49573, 5.046949, 1.70014, , , 
0.072, 2.556, 4.790526, 0.764792, 2.660425, , , 
0.072, 2.556, 5.137613, 2.692818, 7.667488, , , 
0.072, 2.556, 6.080651, 0.644126, 4.913449, , , 
0.072, 2.556, 5.599213, 5.997636, 9.195468, , , 
0.072, 2.556, 5.098729, 0.814475, 3.732307, , , 
0.072, 2.556, 2.402485, 6.953212, 1.860696, , , 
0.072, 2.556, 4.500308, 24.131603, 1.209833, , , 
0.072, 2.556, 2.551571, 4.853845, 4.80945, , , 
0.072, 2.556, 2.835965, 2.814391, 4.582736, , , 
0.072, 2.556, 3.998492, 1.295083, 3.757821, , , 
0.072, 2.556, 2.373765, 3.902578, 1.515134, , , 
0.072, 2.556, 0.633333, 3.21535, 2.274943, , , 
0.072, 2.556, 2.39179, 0.563495, 4.255882, , , 
0.072, 2.556, 4.793481, 5.759848, 5.036186, , , 
0.072, 2.556, 2.955996, 2.477447, 1.97148, , , 
0.072, 2.556, 7.842589, 4.89633, 4.629753, , , 
0.072, 2.556, 3.841731, 4.408104, 1.664574, , , 
0.072, 2.556, 0.971074, 3.112875, 3.232068, , , 
0.072, 2.556, 3.046314, 0.662851, 5.2873, , , 
0.072, 2.556, 1.579105, 2.120448, 1.15186, , , 
0.072, 2.556, 2.849437, 2.232972, 1.785969, , , 
0.072, 2.556, 4.037383, 1.706282, 2.476781, , , 
0.072, 2.556, 2.596229, 3.140541, 3.152786, , , 
0.072, 2.556, 1.624776, 0.928324, 1.213015, 1.5774026783506638, 3.736763, 2.6164042653082396, 1.1203587346917605, 6.353167265308239, 4.133996, 4.168290545033078, -0.03429454503307771, 8.302286545033077, 3.753211, 2.5213200658950856, 1.2318909341049142, 6.274531065895086, 3.3693385, 5.348971, 3.8747385, 4.477172, 1.624776, 2.0, 13.0, 2.8410565, 3.4060555, 4.1186475, 4.611684, 0.928324, 7.0, 30.0, 1.2804175, 6.4638875, 3.503833, 2.61748, 1.213015, 15.0, 36.0
0.082, 3.321, 2.193322, 2.1975, 1.648983, , , 
0.082, 3.321, 5.293056, 3.343352, 2.955558, , , 
0.082, 3.321, 3.864414, 0.999722, 4.278444, , , 
0.082, 3.321, 3.003833, 8.531702, 2.453806, , , 
0.082, 3.321, 2.12529, 5.258555, 1.069797, , , 
0.082, 3.321, 3.741536, 2.934118, 3.369559, , , 
0.082, 3.321, 5.940725, 7.967611, 4.352605, , , 
0.082, 3.321, 5.085919, 2.081957, 1.172374, , , 
0.082, 3.321, 4.732702, 6.446417, 5.913147, , , 
0.082, 3.321, 2.827196, 1.065222, 2.923696, , , 
0.082, 3.321, 2.19585, 3.187691, 1.350309, , , 
0.082, 3.321, 3.459962, 1.567095, 1.872367, , , 
0.082, 3.321, 0.756713, 4.006519, 1.92782, , , 
0.082, 3.321, 1.487976, 1.849253, 4.454719, , , 
0.082, 3.321, 0.860391, 8.278101, 5.509831, , , 
0.082, 3.321, 2.326144, 2.329005, 1.378055, , , 
0.082, 3.321, 5.82159, 4.362355, 4.028093, , , 
0.082, 3.321, 4.980201, 6.740724, 5.015043, , , 
0.082, 3.321, 1.728897, 0.49573, 5.198477, , , 
0.082, 3.321, 3.046798, 0.75106, 8.433078, , , 
0.082, 3.321, 1.222531, 3.371056, 7.182942, , , 
0.082, 3.321, 2.145905, 2.698874, 1.92421, , , 
0.082, 3.321, 0.897783, 1.240133, 3.870344, , , 
0.082, 3.321, 2.629587, 2.845327, 3.004287, , , 
0.082, 3.321, 3.853972, 5.26272, 5.391197, , , 
0.082, 3.321, 0.881406, 3.61404, 2.421337, , , 
0.082, 3.321, 1.698219, 3.098335, 1.510314, , , 
0.082, 3.321, 2.30694, 1.920023, 1.490483, , , 
0.082, 3.321, 1.635377, 5.341632, 3.392524, , , 
0.082, 3.321, 1.929786, 7.720397, 5.219976, , , 
0.082, 3.321, 3.46502, 2.775933, 7.652693, , , 
0.082, 3.321, 0.501903, 1.731113, 3.403734, , , 
0.082, 3.321, 1.450762, 1.881393, 4.056879, , , 
0.082, 3.321, 3.131416, 3.348974, 6.775388, , , 
0.082, 3.321, 0.911184, 0.781711, 0.744163, , , 
0.082, 3.321, 1.293457, 6.896141, 4.598628, , , 
0.082, 3.321, 2.609939, 0.818141, 1.332201, , , 
0.082, 3.321, 2.745144, 5.095428, 3.486057, , , 
0.082, 3.321, 2.201571, 8.17468, 1.255358, , , 
0.082, 3.321, 2.483676, 2.234383, 2.335921, 2.4043008996635433, 2.636683, 1.4278689594567582, 1.208814040543242, 4.064551959456758, 3.631083, 2.3613161228374473, 1.269766877162553, 5.992399122837447, 3.50884, 1.9555233175549902, 1.5533166824450098, 5.46436331755499, 2.511523, 2.1346645, 2.697403, 2.232703, 2.483676, 2.0, 7.0, 2.1264565, 2.061058, 5.248165, 2.1975, 2.234383, 16.0, 40.0, 2.1370025, 7.80801, 6.4363345, 1.648983, 2.335921, 23.0, 40.0
0.092, 4.186, 0.623604, 1.067768, 0.847029, , , 
0.092, 4.186, 6.334395, 7.838046, 2.382304, , , 
0.092, 4.186, 3.604491, 5.031465, 10.734622, , , 
0.092, 4.186, 4.314102, 3.764489, 8.245563, , , 
0.092, 4.186, 5.077418, 4.565028, 0.979667, , , 
0.092, 4.186, 2.702219, 3.690553, 2.835603, , , 
0.092, 4.186, 1.805232, 2.778903, 4.439416, , , 
0.092, 4.186, 2.280246, 6.639496, 3.2573, , , 
0.092, 4.186, 0.176236, 0.208816, 9.57185, , , 
0.092, 4.186, 0.460387, 0.475263, 7.279395, , , 
0.092, 4.186, 1.558569, 5.025634, 8.033584, , , 
0.092, 4.186, 2.529801, 7.411062, 13.341796, , , 
0.092, 4.186, 3.079119, 2.3166, 6.547166, , , 
0.092, 4.186, 2.118015, 8.723511, 2.914721, , , 
0.092, 4.186, 0.498071, 1.665697, 5.819459, , , 
0.092, 4.186, 5.935216, 8.464543, 4.493101, , , 
0.092, 4.186, 3.546728, 5.119447, 5.183545, , , 
0.092, 4.186, 2.242783, 2.095627, 3.288369, , , 
0.092, 4.186, 3.535671, 8.131411, 3.136222, , , 
0.092, 4.186, 6.7055, 4.290272, 0.650118, , , 
0.092, 4.186, 1.330937, 5.47384, 1.048655, , , 
0.092, 4.186, 4.450478, 3.864701, 1.53969, , , 
0.092, 4.186, 3.196382, 5.105388, 2.356327, , , 
0.092, 4.186, 2.765361, 3.010968, 6.265947, , , 
0.092, 4.186, 2.06443, 6.653651, 2.385825, , , 
0.092, 4.186, 1.822735, 5.11456, 4.964575, , , 
0.092, 4.186, 6.289301, 5.064739, 14.737942, , , 
0.092, 4.186, 8.731933, 9.977362, 5.951124, , , 
0.092, 4.186, 1.551308, 12.887283, 7.876684, , , 
0.092, 4.186, 10.481235, 10.4138, 6.772645, , , 
0.092, 4.186, 11.732263, 3.867099, 2.102246, , , 
0.092, 4.186, 7.692123, 9.607458, 2.76115, , , 
0.092, 4.186, 4.771196, 2.635596, 0.843892, , , 
0.092, 4.186, 1.655469, 5.152331, 1.787442, , , 
0.092, 4.186, 0.720482, 6.74089, 2.989827, , , 
0.092, 4.186, 2.80424, 4.986543, 3.414999, , , 
0.092, 4.186, 4.96171, 1.551806, 3.921219, , , 
0.092, 4.186, 0.99659, 0.988789, 3.652575, , , 
0.092, 4.186, 2.060476, 1.378332, 6.74568, , , 
0.092, 4.186, 5.171885, 3.760502, 1.311044, 3.487992094067197, 3.609438, 2.685719239121138, 0.9237187608788618, 6.295157239121139, 4.938465, 2.936523323105279, 2.0019416768947207, 7.8749883231052795, 4.685241, 3.3280299316597355, 1.3572110683402647, 8.013270931659736, 1.009478, 4.0182185, 11.106749, 0.623604, 5.171885, 33.0, 40.0, 2.7504485, 4.882056, 7.1404495, 1.067768, 3.760502, 21.0, 40.0, 7.6564895, 0.8493865, 4.4374455, 12.4850555, -0.3911205, 0.0, 0.0
0.102, 5.151, 1.548191, 1.385396, 1.935593, , , 
0.102, 5.151, 5.089314, 6.553571, 7.771964, , , 
0.102, 5.151, 8.056119, 10.758538, 8.158561, , , 
0.102, 5.151, 6.585483, 0.789095, 2.153322, , , 
0.102, 5.151, 6.22368, 1.953284, 5.177178, , , 
0.102, 5.151, 3.273299, 11.189075, 2.995884, , , 
0.102, 5.151, 6.621269, 3.042641, 2.072532, , , 
0.102, 5.151, 4.07063, 8.827459, 10.695741, , , 
0.102, 5.151, 2.398788, 8.490578, 2.368816, , , 
0.102, 5.151, 8.798626, 11.402084, 2.723353, , , 
0.102, 5.151, 10.045939, 6.614836, 3.030645, , , 
0.102, 5.151, 7.370055, 10.884148, 3.045071, , , 
0.102, 5.151, 2.103946, 15.19479, 14.530744, , , 
0.102, 5.151, 0.426803, 9.399474, 1.44378, , , 
0.102, 5.151, 4.558755, 9.364373, 1.166527, , , 
0.102, 5.151, 3.563457, 3.096517, 10.097944, , , 
0.102, 5.151, 7.361398, 1.039922, 2.517006, , , 
0.102, 5.151, 6.385033, 4.039551, 13.908202, , , 
0.102, 5.151, 12.898042, 2.844289, 10.591046, , , 
0.102, 5.151, 6.172055, 7.354114, 6.869374, , , 
0.102, 5.151, 6.686928, 1.975597, 0.90145, , , 
0.102, 5.151, 1.492264, 5.055688, 2.861169, , , 
0.102, 5.151, 4.006305, 8.083531, 8.738092, , , 
0.102, 5.151, 1.915037, 2.960515, 0.275839, , , 
0.102, 5.151, 4.704357, 1.619938, 10.392736, , , 
0.102, 5.151, 0.460864, 10.714573, 2.650051, , , 
0.102, 5.151, 4.220984, 6.906055, 0.641233, , , 
0.102, 5.151, 6.506054, 10.112254, 1.280972, , , 
0.102, 5.151, 3.379937, 5.865958, 12.392795, , , 
0.102, 5.151, 2.982139, 3.096089, 11.666382, , , 
0.102, 5.151, 10.307431, 0.636899, 3.092936, , , 
0.102, 5.151, 4.890023, 3.614889, 11.642639, , , 
0.102, 5.151, 5.477131, 8.642323, 10.700509, , , 
0.102, 5.151, 1.870733, 8.166511, 6.607681, , , 
0.102, 5.151, 6.121001, 8.52079, 8.953412, , , 
0.102, 5.151, 4.512253, 7.259023, 0.576175, , , 
0.102, 5.151, 0.68065, 4.777645, 8.90546, , , 
0.102, 5.151, 4.517941, 0.109347, 5.246625, , , 
0.102, 5.151, 7.29667, 3.478736, 6.553852, , , 
0.102, 5.151, 1.184985, 12.028332, 2.084767, 4.866238426544275, 4.919093, 2.832429958911663, 2.086663041088337, 7.7515229589116625, 6.196191, 3.797488668635359, 2.398702331364641, 9.993679668635359, 5.735435, 4.216912593941124, 1.5185224060588767, 9.952347593941122, 9.4222825, 6.4294915, 6.644785, 13.58852875, 1.184985, 0.0, 0.0, 9.00846, 4.6648555, 1.866494, 19.721409, -8.846455, 0.0, 0.0, 2.876999, 3.885412, 7.379659, 1.935593, 2.084767, 9.0, 39.0
0.112, 6.216, 8.59494, 18.632846, 9.55572, , , 
0.112, 6.216, 12.705473, 14.56509, 21.842637, , , 
0.112, 6.216, 0.31227, 3.058631, 8.393765, , , 
0.112, 6.216, 13.041702, 4.727965, 11.631524, , , 
0.112, 6.216, 4.848615, 5.346518, 6.16455, , , 
0.112, 6.216, 11.773702, 5.424628, 0.857412, , , 
0.112, 6.216, 0.783242, 20.423955, 6.455601, , , 
0.112, 6.216, 3.934866, 20.652532, 10.958854, , , 
0.112, 6.216, 15.694273, 5.032752, 14.101861, , , 
0.112, 6.216, 17.18971, 2.849901, 6.884584, , , 
0.112, 6.216, 4.908512, 6.964064, 16.652077, , , 
0.112, 6.216, 19.431344, 7.796043, 16.906351, , , 
0.112, 6.216, 14.262895, 2.054012, 21.308895, , , 
0.112, 6.216, 2.883793, 0.871126, 3.382419, , , 
0.112, 6.216, 5.211092, 9.164605, 23.249453, , , 
0.112, 6.216, 1.720995, 0.318625, 8.895293, , , 
0.112, 6.216, 18.547318, 12.874112, 12.199119, , , 
0.112, 6.216, 1.023214, 10.734102, 30.460332, , , 
0.112, 6.216, 0.886976, 4.958995, 19.243667, , , 
0.112, 6.216, 9.951784, 5.668613, 16.049289, , , 
0.112, 6.216, 6.139069, 19.629671, 23.175475, , , 
0.112, 6.216, 11.090033, 25.126637, 9.148655, , , 
0.112, 6.216, 9.232138, 0.785303, 5.374032, , , 
0.112, 6.216, 2.495161, 8.186071, 7.801206, , , 
0.112, 6.216, 3.371145, 1.863135, 15.310343, , , 
0.112, 6.216, 5.919526, 0.766939, 12.046948, , , 
0.112, 6.216, 0.820882, 7.666081, 5.582268, , , 
0.112, 6.216, 0.511823, 2.403925, 15.305008, , , 
0.112, 6.216, 0.125135, 13.074963, 0.721455, , , 
0.112, 6.216, 1.506107, 10.343546, 13.564228, , , 
0.112, 6.216, 2.71626, 6.028096, 9.87097, , , 
0.112, 6.216, 7.008384, 12.853057, 9.501667, , , 
0.112, 6.216, 7.838104, 1.021339, 9.807276, , , 
0.112, 6.216, 3.669183, 1.902497, 10.138225, , , 
0.112, 6.216, 5.396224, 0.837594, 2.020013, , , 
0.112, 6.216, 3.8857, 1.377755, 13.05757, , , 
0.112, 6.216, 0.947725, 5.856642, 5.789606, , , 
0.112, 6.216, 2.193156, 2.405913, 3.804598, , , 
0.112, 6.216, 1.559555, 9.911817, 10.948215, , , 
0.112, 6.216, 1.572953, 0.797377, 0.733242, 6.577459276156518, 6.142602, 5.4604062669942905, 0.682195733005709, 11.60300826699429, 7.373917, 6.453352555848675, 0.9205644441513251, 13.827269555848675, 11.222341, 6.718961950684951, 4.503379049315049, 17.94130295068495, 11.049111, 8.0454265, 2.1111835, 24.45600225, -11.29570775, 0.0, 0.0, 4.9069825, 12.649142, 8.185821, 18.632846, 0.797377, 10.0, 34.0, 11.7683305, 19.612382, 11.717599, 11.84442775, 0.733242, 0.0, 0.0
0.122, 7.381, 14.609245, 9.577231, 37.374077, , , 
0.122, 7.381, 9.530986, 17.332827, 3.623165, , , 
0.122, 7.381, 9.488497, 15.510086, 5.562292, , , 
0.122, 7.381, 13.18227, 9.729255, 4.153863, , , 
0.122, 7.381, 2.661043, 22.21132, 19.290958, , , 
0.122, 7.381, 5.048053, 0.937027, 30.906215, , , 
0.122, 7.381, 17.490266, 23.530898, 13.062809, , , 
0.122, 7.381, 16.279106, 15.202128, 24.641041, , , 
0.122, 7.381, 5.210886, 29.27922, 16.786662, , , 
0.122, 7.381, 17.022831, 11.728361, 2.557915, , , 
0.122, 7.381, 6.500668, 10.598764, 22.448453, , , 
0.122, 7.381, 1.423724, 7.628652, 11.434575, , , 
0.122, 7.381, 10.652389, 22.369207, 34.622596, , , 
0.122, 7.381, 9.377525, 27.472111, 20.856023, , , 
0.122, 7.381, 13.60937, 1.309921, 9.661877, , , 
0.122, 7.381, 27.871442, 8.373271, 5.38521, , , 
0.122, 7.381, 13.042597, 5.89098, 2.67031, , , 
0.122, 7.381, 3.959192, 15.430913, 20.947469, , , 
0.122, 7.381, 5.2123, 17.297502, 8.14938, , , 
0.122, 7.381, 6.695919, 14.435628, 6.452906, , , 
0.122, 7.381, 4.099624, 8.826607, 2.058668, , , 
0.122, 7.381, 4.58831, 9.779282, 17.421079, , , 
0.122, 7.381, 9.397926, 2.452667, 16.850421, , , 
0.122, 7.381, 11.662235, 14.544403, 16.9635, , , 
0.122, 7.381, 16.828185, 8.11204, 11.453605, , , 
0.122, 7.381, 6.108655, 16.139596, 8.5249, , , 
0.122, 7.381, 13.356127, 14.924079, 6.294281, , , 
0.122, 7.381, 6.699012, 13.840891, 1.192272, , , 
0.122, 7.381, 6.275963, 13.431077, 18.970633, , , 
0.122, 7.381, 9.151705, 5.313642, 7.407822, , , 
0.122, 7.381, 1.911691, 19.258273, 8.747328, , , 
0.122, 7.381, 14.124787, 0.73619, 6.043565, , , 
0.122, 7.381, 5.362933, 14.739078, 4.881039, , , 
0.122, 7.381, 13.120407, 20.031598, 13.063109, , , 
0.122, 7.381, 15.175283, 7.065589, 10.317479, , , 
0.122, 7.381, 5.989533, 7.739368, 9.012092, , , 
0.122, 7.381, 9.130693, 14.111624, 11.276532, , , 
0.122, 7.381, 3.855247, 5.000265, 7.989796, , , 
0.122, 7.381, 12.013714, 6.577715, 10.949332, , , 
0.122, 7.381, 3.287153, 14.341319, 8.200155, 8.6606661379419, 9.525169, 5.425741903244809, 4.099427096755191, 14.950910903244809, 12.570245, 6.840677842894864, 5.729567157105136, 19.410922842894863, 12.455113, 8.665366312972877, 3.789746687027123, 21.120479312972876, 11.7617495, 5.3977715, 5.531698, 21.10682675, -3.81337925, 0.0, 0.0, 11.1635625, 11.6311175, 12.2859575, 9.577231, 13.96955, 1.0, 7.0, 12.503184, 4.255787, 8.077575, 37.374077, 1.4391615, 0.0, 0.0
0.132, 8.646, 1.754283, 28.536837, 52.349706, , , 
0.132, 8.646, 5.527115, 21.517761, 14.20893, , , 
0.132, 8.646, 10.84657, 8.396766, 3.118172, , , 
0.132, 8.646, 2.415209, 10.777269, 14.36566, , , 
0.132, 8.646, 14.651377, 6.524893, 24.588901, , , 
0.132, 8.646, 13.081473, 19.785372, 9.450709, , , 
0.132, 8.646, 1.91584, 10.722066, 13.042224, , , 
0.132, 8.646, 1.058532, 21.941561, 17.470482, , , 
0.132, 8.646, 8.168544, 15.883865, 1.193851, , , 
0.132, 8.646, 10.70203, 12.150513, 10.487458, , , 
0.132, 8.646, 6.377939, 12.187412, 11.801076, , , 
0.132, 8.646, 13.855048, 14.766603, 20.142981, , , 
0.132, 8.646, 7.711489, 20.058026, 3.443497, , , 
0.132, 8.646, 8.695056, 5.321469, 14.158945, , , 
0.132, 8.646, 19.073521, 22.868674, 21.242479, , , 
0.132, 8.646, 14.34293, 8.383537, 7.390616, , , 
0.132, 8.646, 10.121561, 1.361762, 21.319368, , , 
0.132, 8.646, 19.803267, 10.057859, 19.285933, , , 
0.132, 8.646, 15.942617, 8.78807, 14.609494, , , 
0.132, 8.646, 10.070832, 11.171919, 16.974662, , , 
0.132, 8.646, 19.819463, 19.601484, 18.029713, , , 
0.132, 8.646, 3.093625, 13.378053, 7.368439, , , 
0.132, 8.646, 8.349642, 14.224095, 1.169038, , , 
0.132, 8.646, 6.801956, 9.54607, 24.137984, , , 
0.132, 8.646, 2.133796, 20.440776, 23.253954, , , 
0.132, 8.646, 10.17439, 8.85689, 22.804205, , , 
0.132, 8.646, 13.362906, 15.395089, 5.562638, , , 
0.132, 8.646, 5.646462, 1.345169, 9.97665, , , 
0.132, 8.646, 12.145864, 18.294097, 1.98334, , , 
0.132, 8.646, 6.506149, 17.241775, 9.667655, , , 
0.132, 8.646, 5.645164, 18.594679, 23.271958, , , 
0.132, 8.646, 10.207218, 8.495031, 21.318958, , , 
0.132, 8.646, 15.35906, 5.001699, 22.90835, , , 
0.132, 8.646, 1.644074, 18.298117, 1.052017, , , 
0.132, 8.646, 4.28867, 24.367617, 2.033719, , , 
0.132, 8.646, 5.174177, 2.447259, 15.756791, , , 
0.132, 8.646, 13.440428, 16.860229, 15.556573, , , 
0.132, 8.646, 12.903512, 11.842479, 2.235689, , , 
0.132, 8.646, 12.839903, 15.885625, 6.37603, , , 
0.132, 8.646, 3.697854, 22.894859, 10.30218, 11.155409291295548, 9.233719, 5.191727421720741, 4.041991578279259, 14.425446421720741, 13.855313, 6.544841124445275, 7.310471875554724, 20.400154124445276, 13.885253, 9.667709755253279, 4.217543244746721, 23.55296275525328, 8.5399845, 14.9451475, 6.0756565, 12.2364765, 2.3791645, 0.0, 0.0, 12.1689625, 15.3867015, 17.918227, 28.536837, 22.894859, 9.0, 36.0, 11.144267, 17.5021875, 16.4698065, 52.349706, 10.30218, 8.0, 31.0
0.142, 10.011, 35.977763, 5.181815, 82.132774, , , 
0.142, 10.011, 32.960108, 43.973012, 54.637217, , , 
0.142, 10.011, 20.86263, 60.570842, 71.121353, , , 
0.142, 10.011, 46.257353, 68.488812, 45.409984, , , 
0.142, 10.011, 9.655357, 38.322775, 38.44976, , , 
0.142, 10.011, 70.429642, 45.191013, 77.959007, , , 
0.142, 10.011, 24.769982, 23.533546, 70.989402, , , 
0.142, 10.011, 27.123931, 65.652845, 44.308716, , , 
0.142, 10.011, 30.659185, 40.550806, 26.185066, , , 
0.142, 10.011, 13.331804, 10.519135, 25.383601, , , 
0.142, 10.011, 21.398474, 16.938729, 8.247433, , , 
0.142, 10.011, 39.101479, 4.773822, 41.946449, , , 
0.142, 10.011, 23.706911, 15.164198, 31.653413, , , 
0.142, 10.011, 39.461503, 3.112436, 3.76954, , , 
0.142, 10.011, 23.256442, 15.665026, 13.142791, , , 
0.142, 10.011, 4.515767, 45.503765, 33.356008, , , 
0.142, 10.011, 38.239494, 25.193661, 22.607077, , , 
0.142, 10.011, 26.290044, 14.929099, 33.165296, , , 
0.142, 10.011, 10.495542, 27.083773, 48.127631, , , 
0.142, 10.011, 26.009536, 32.170302, 48.474031, , , 
0.142, 10.011, 24.220264, 21.27755, 18.067916, , , 
0.142, 10.011, 4.037015, 41.303565, 43.142209, , , 
0.142, 10.011, 29.056337, 26.610481, 17.247126, , , 
0.142, 10.011, 23.650919, 23.11551, 17.525679, , , 
0.142, 10.011, 10.921266, 13.673892, 5.915284, , , 
0.142, 10.011, 13.165272, 48.865179, 3.951801, , , 
0.142, 10.011, 11.881083, 10.112987, 46.604122, , , 
0.142, 10.011, 15.747562, 29.359373, 3.504924, , , 
0.142, 10.011, 3.172979, 47.258355, 10.290433, , , 
0.142, 10.011, 40.095598, 52.712975, 29.031177, , , 
0.142, 10.011, 19.077001, 8.535793, 22.621279, , , 
0.142, 10.011, 19.226018, 27.401016, 28.501358, , , 
0.142, 10.011, 26.913526, 69.00472, 37.434297, , , 
0.142, 10.011, 28.858776, 7.944736, 55.627933, , , 
0.142, 10.011, 27.494968, 25.199984, 9.205787, , , 
0.142, 10.011, 20.706403, 30.478373, 26.111721, , , 
0.142, 10.011, 24.482355, 21.036461, 30.319898, , , 
0.142, 10.011, 4.801568, 38.245649, 9.560244, , , 
0.142, 10.011, 34.653512, 7.72622, 24.181127, , , 
0.142, 10.011, 6.614638, 44.147173, 7.574964, 14.101733302199888, 23.831981, 13.241697119102586, 10.590283880897413, 37.07367811910258, 29.913218, 18.18511887343864, 11.728099126561359, 48.09833687343864, 31.687128, 20.735363364655242, 10.951764635344759, 52.422491364655244, 17.365139, 25.1149, 29.5862995, 35.977763, 6.614638, 18.0, 39.0, 13.728932, 26.723926, 30.624384, 5.181815, 44.147173, 15.0, 36.0, 16.815517, 33.2709735, 25.826228, 82.132774, 7.574964, 7.0, 27.0
0.152, 11.476, 56.042247, 62.774887, 63.846994, , , 
0.152, 11.476, 125.101495, 83.51486, 117.25013, , , 
0.152, 11.476, 11.256077, 57.61823, 88.17669, , , 
0.152, 11.476, 153.408163, 21.800664, 115.803008, , , 
0.152, 11.476, 61.479547, 71.215284, 45.234632, , , 
0.152, 11.476, 3.395676, 11.710697, 30.330218, , , 
0.152, 11.476, 71.071208, 41.32141, 79.245301, , , 
0.152, 11.476, 46.798157, 15.336764, 71.851082, , , 
0.152, 11.476, 9.683545, 28.381452, 31.229897, , , 
0.152, 11.476, 47.926024, 102.908551, 36.995898, , , 
0.152, 11.476, 47.193076, 19.99223, 57.06539, , , 
0.152, 11.476, 45.926225, 23.104833, 53.443871, , , 
0.152, 11.476, 37.006053, 75.166659, 3.256589, , , 
0.152, 11.476, 36.791884, 2.572721, 40.607514, , , 
0.152, 11.476, 22.577382, 30.064465, 1.07509, , , 
0.152, 11.476, 35.868472, 48.385184, 32.179069, , , 
0.152, 11.476, 17.954224, 4.043366, 29.124169, , , 
0.152, 11.476, 3.736816, 2.11451, 4.287198, , , 
0.152, 11.476, 31.841488, 41.053252, 31.521309, , , 
0.152, 11.476, 19.72237, 3.594814, 0.63375, , , 
0.152, 11.476, 34.111309, 11.565093, 36.921395, , , 
0.152, 11.476, 13.173599, 12.73522, 29.043139, , , 
0.152, 11.476, 35.506962, 6.999515, 22.020402, , , 
0.152, 11.476, 36.080624, 14.057732, 6.816258, , , 
0.152, 11.476, 12.234318, 33.651332, 4.743476, , , 
0.152, 11.476, 30.252016, 42.371997, 45.960655, , , 
0.152, 11.476, 41.999081, 64.069185, 19.889318, , , 
0.152, 11.476, 28.179635, 24.509407, 14.173392, , , 
0.152, 11.476, 0.971064, 42.744641, 0.797091, , , 
0.152, 11.476, 30.474422, 33.367364, 44.876149, , , 
0.152, 11.476, 34.751831, 37.58985, 1.96801, , , 
0.152, 11.476, 30.813711, 53.101037, 22.71111, , , 
0.152, 11.476, 20.140051, 28.72439, 45.68936, , , 
0.152, 11.476, 21.514082, 24.074788, 29.508975, , , 
0.152, 11.476, 4.383625, 36.332791, 26.417507, , , 
0.152, 11.476, 4.095048, 34.329403, 41.449608, , , 
0.152, 11.476, 31.479939, 17.401707, 31.981101, , , 
0.152, 11.476, 19.788369, 35.41847, 0.663416, , , 
0.152, 11.476, 24.680896, 4.175676, 14.500385, , , 
0.152, 11.476, 10.138648, 37.095769, 35.866559, 17.540139328276823, 33.738714, 29.388032349170736, 4.350681650829263, 63.12674634917074, 33.524736, 23.48341208816093, 10.041323911839072, 57.00814808816093, 35.228856, 28.58598895840535, 6.64286704159465, 63.814844958405345, 47.55955, 26.9168395, 32.6131265, 69.97918525, 10.138648, 0.0, 0.0, 61.4503905, 7.5799535, 35.478607, 100.40806575, -3.47906825, 0.0, 0.0, 47.030644, 18.7775725, 23.4220795, 82.44349075, -11.99076725, 0.0, 0.0
0.162, 13.041, 40.722753, 80.497496, 61.133906, , , 
0.162, 13.041, 101.612772, 25.082443, 80.692397, , , 
0.162, 13.041, 33.82187, 116.22089, 1.93089, , , 
0.162, 13.041, 42.473943, 49.787412, 80.273756, , , 
0.162, 13.041, 34.048515, 100.725823, 93.191493, , , 
0.162, 13.041, 35.464911, 128.961223, 102.354874, , , 
0.162, 13.041, 66.007936, 70.725463, 94.835915, , , 
0.162, 13.041, 16.425505, 104.11407, 51.484307, , , 
0.162, 13.041, 79.9188, 51.907484, 36.691876, , , 
0.162, 13.041, 33.907238, 35.594295, 20.255262, , , 
0.162, 13.041, 19.488481, 15.29566, 29.665475, , , 
0.162, 13.041, 12.395289, 43.109885, 1.131346, , , 
0.162, 13.041, 29.200366, 43.91769, 11.661772, , , 
0.162, 13.041, 2.913995, 4.088047, 38.977363, , , 
0.162, 13.041, 1.154588, 37.650755, 13.188655, , , 
0.162, 13.041, 15.672958, 0.781318, 41.605671, , , 
0.162, 13.041, 27.253539, 10.43683, 44.430235, , , 
0.162, 13.041, 3.063643, 20.796944, 48.165793, , , 
0.162, 13.041, 21.303457, 43.222146, 17.609726, , , 
0.162, 13.041, 39.095022, 38.338518, 53.243969, , , 
0.162, 13.041, 37.084718, 50.204832, 35.466655, , , 
0.162, 13.041, 27.615995, 51.069723, 7.477649, , , 
0.162, 13.041, 34.51696, 35.846839, 22.938963, , , 
0.162, 13.041, 25.724506, 3.642658, 14.999051, , , 
0.162, 13.041, 2.835067, 3.065605, 21.1609, , , 
0.162, 13.041, 18.537668, 49.368497, 63.305546, , , 
0.162, 13.041, 23.05044, 33.814403, 45.686483, , , 
0.162, 13.041, 28.336687, 34.391385, 50.706144, , , 
0.162, 13.041, 22.958961, 38.029914, 38.388275, , , 
0.162, 13.041, 29.076669, 26.751193, 9.291791, , , 
0.162, 13.041, 26.484807, 29.384554, 17.461507, , , 
0.162, 13.041, 20.471388, 3.557626, 38.730399, , , 
0.162, 13.041, 13.264029, 37.01478, 18.965201, , , 
0.162, 13.041, 14.94029, 3.803212, 3.073258, , , 
0.162, 13.041, 17.321312, 28.523381, 14.163915, , , 
0.162, 13.041, 34.274689, 5.689516, 35.207328, , , 
0.162, 13.041, 21.734357, 15.39863, 43.981786, , , 
0.162, 13.041, 9.306611, 46.817335, 32.189905, , , 
0.162, 13.041, 32.853972, 31.479907, 16.360136, , , 
0.162, 13.041, 2.470435, 31.543696, 47.982297, 21.511552774928642, 27.470108, 19.616533414797892, 7.853574585202109, 47.08664141479789, 39.516281, 30.59093231730651, 8.925348682693489, 70.10721331730652, 37.501525, 25.87368619600673, 11.627838803993269, 63.37521119600673, 26.6978595, 38.08987, 27.780738, 40.722753, 2.470435, 2.0, 7.0, 25.4449775, 44.271675, 28.0678735, 80.497496, 31.543696, 1.0, 6.0, 24.9603685, 44.355312, 13.376649, 61.133906, -3.99893025, 0.0, 0.0
0.172, 14.706, 145.100405, 20.247617, 7.906398, , , 
0.172, 14.706, 59.111321, 57.551626, 50.242632, , , 
0.172, 14.706, 25.724545, 9.881741, 13.397941, , , 
0.172, 14.706, 16.857631, 48.554173, 28.701337, , , 
0.172, 14.706, 20.902036, 43.4128, 20.851384, , , 
0.172, 14.706, 25.790405, 30.052685, 16.492509, , , 
0.172, 14.706, 34.645628, 13.437272, 23.9587, , , 
0.172, 14.706, 22.95709, 11.698602, 46.806843, , , 
0.172, 14.706, 21.632594, 5.053579, 49.123108, , , 
0.172, 14.706, 22.098144, 16.989089, 51.957377, , , 
0.172, 14.706, 7.29101, 33.833005, 7.542534, , , 
0.172, 14.706, 25.40227, 7.26537, 43.6066, , , 
0.172, 14.706, 24.881141, 13.272213, 50.841962, , , 
0.172, 14.706, 25.104746, 50.540926, 33.869194, , , 
0.172, 14.706, 1.330719, 10.264335, 43.888852, , , 
0.172, 14.706, 39.308489, 36.481308, 4.782005, , , 
0.172, 14.706, 7.348982, 49.072798, 6.595947, , , 
0.172, 14.706, 22.395717, 19.803619, 7.535384, , , 
0.172, 14.706, 12.507295, 21.241586, 61.830964, , , 
0.172, 14.706, 10.306112, 45.954595, 52.219523, , , 
0.172, 14.706, 29.46058, 28.965853, 39.436867, , , 
0.172, 14.706, 14.821771, 12.754565, 47.422234, , , 
0.172, 14.706, 15.650585, 31.568538, 47.505653, , , 
0.172, 14.706, 6.211947, 5.506604, 7.017016, , , 
0.172, 14.706, 17.880723, 41.225584, 38.638277, , , 
0.172, 14.706, 19.478767, 44.572662, 34.429677, , , 
0.172, 14.706, 12.62381, 3.737992, 20.774325, , , 
0.172, 14.706, 26.14742, 39.684716, 8.722974, , , 
0.172, 14.706, 20.759435, 35.801728, 22.962709, , , 
0.172, 14.706, 9.861623, 40.796154, 43.697923, , , 
0.172, 14.706, 1.07545, 5.637599, 5.216459, , , 
0.172, 14.706, 15.027274, 13.462183, 9.445801, , , 
0.172, 14.706, 18.019149, 51.67527, 22.557469, , , 
0.172, 14.706, 12.665599, 16.911204, 49.07151, , , 
0.172, 14.706, 36.092568, 47.351651, 13.195117, , , 
0.172, 14.706, 22.930187, 21.564318, 9.286402, , , 
0.172, 14.706, 8.576533, 19.127954, 26.488364, , , 
0.172, 14.706, 13.287146, 12.006983, 37.351465, , , 
0.172, 14.706, 10.355999, 4.041216, 30.732376, , , 
0.172, 14.706, 33.833171, 48.886866, 40.575901, 26.057295237050432, 22.886379, 22.43070759194358, 0.45567140805641937, 45.31708659194358, 26.747195, 16.393952355540407, 10.353242644459591, 43.14114735554041, 29.416974, 17.003021267701726, 12.413952732298274, 46.41999526770173, 14.694577, 19.883346, 5.4685365, 145.100405, -8.37052425, 0.0, 0.0, 25.411047, 37.460224, 23.2168765, 28.70230275, 19.92562075, 0.0, 0.0, 29.7499555, 45.828195, 24.457191, 37.68910225, 16.51804425, 0.0, 0.0
0.182, 16.471, 136.354979, 14.17461, 156.101551, , , 
0.182, 16.471, 102.002304, 69.327092, 166.765635, , , 
0.182, 16.471, 34.866207, 54.360217, 178.312438, , , 
0.182, 16.471, 100.519024, 28.291886, 112.646933, , , 
0.182, 16.471, 85.216449, 86.544938, 102.523687, , , 
0.182, 16.471, 29.403204, 190.542809, 134.795657, , , 
0.182, 16.471, 3.540075, 125.416429, 62.066996, , , 
0.182, 16.471, 20.703702, 149.658179, 110.169479, , , 
0.182, 16.471, 2.802848, 171.075696, 196.217302, , , 
0.182, 16.471, 6.536783, 60.141288, 29.422336, , , 
0.182, 16.471, 28.323746, 44.84209, 41.919754, , , 
0.182, 16.471, 41.36975, 22.731935, 36.79103, , , 
0.182, 16.471, 49.046805, 47.673684, 8.13832, , , 
0.182, 16.471, 43.650167, 11.15366, 54.670128, , , 
0.182, 16.471, 3.780289, 29.4377, 44.103639, , , 
0.182, 16.471, 16.710603, 52.693891, 34.803787, , , 
0.182, 16.471, 9.78404, 54.985339, 48.793993, , , 
0.182, 16.471, 38.921239, 1.957695, 0.828298, , , 
0.182, 16.471, 42.978348, 23.817603, 24.443248, , , 
0.182, 16.471, 2.391134, 20.713785, 26.004545, , , 
0.182, 16.471, 27.523801, 1.499637, 18.466117, , , 
0.182, 16.471, 16.423369, 26.707709, 61.49544, , , 
0.182, 16.471, 34.648147, 4.065042, 15.52533, , , 
0.182, 16.471, 33.083485, 53.119454, 52.012442, , , 
0.182, 16.471, 22.241118, 54.050484, 15.924839, , , 
0.182, 16.471, 22.630555, 56.530324, 0.744746, , , 
0.182, 16.471, 30.43591, 53.858712, 19.101682, , , 
0.182, 16.471, 33.024281, 24.802371, 4.99461, , , 
0.182, 16.471, 19.250267, 38.037014, 43.54777, , , 
0.182, 16.471, 41.851903, 20.943373, 5.769001, , , 
0.182, 16.471, 1.459766, 31.016521, 25.006761, , , 
0.182, 16.471, 37.318661, 49.586653, 54.515397, , , 
0.182, 16.471, 44.762398, 19.805938, 41.607528, , , 
0.182, 16.471, 24.396341, 41.751135, 43.926786, , , 
0.182, 16.471, 43.386208, 18.616149, 21.927456, , , 
0.182, 16.471, 37.955432, 13.992256, 21.26166, , , 
0.182, 16.471, 9.834575, 51.056866, 15.686747, , , 
0.182, 16.471, 33.34014, 54.00924, 26.614876, , , 
0.182, 16.471, 41.079479, 43.979883, 25.942875, , , 
0.182, 16.471, 6.882322, 34.024184, 1.318945, 31.219059926428546, 34.010728, 28.273428667187904, 5.737299332812097, 62.2841566671879, 48.774822, 42.068005733133084, 6.706816266866915, 90.84282773313308, 52.122723, 51.10524779139062, 1.01747520860938, 103.22797079139063, 17.4302645, 14.9574675, 21.6558345, 136.354979, 6.882322, 2.0, 8.0, 52.491689, 11.106711, 25.979947, 92.259302, -13.787666, 0.0, 0.0, 35.671045, 22.235331, 15.387881, 156.101551, -15.036865, 0.0, 0.0
0.192, 18.336, 15.425893, 142.950048, 186.9189, , , 
0.192, 18.336, 143.228918, 208.282196, 130.135652, , , 
0.192, 18.336, 99.039961, 30.341219, 213.954491, , , 
0.192, 18.336, 2.467813, 198.111175, 24.816448, , , 
0.192, 18.336, 187.853298, 57.99204, 63.68059, , , 
0.192, 18.336, 107.287216, 59.208284, 43.973274, , , 
0.192, 18.336, 21.376215, 49.968982, 0.880779, , , 
0.192, 18.336, 49.945615, 48.726483, 10.041978, , , 
0.192, 18.336, 20.524953, 45.262987, 41.859621, , , 
0.192, 18.336, 24.272072, 8.648185, 66.927647, , , 
0.192, 18.336, 28.236655, 2.018723, 6.311028, , , 
0.192, 18.336, 12.923526, 39.440897, 5.019733, , , 
0.192, 18.336, 30.903227, 50.66741, 63.478879, , , 
0.192, 18.336, 3.252263, 45.468738, 65.887682, , , 
0.192, 18.336, 42.323156, 4.41243, 22.164871, , , 
0.192, 18.336, 35.738476, 19.915249, 29.919875, , , 
0.192, 18.336, 36.857912, 22.121604, 36.241753, , , 
0.192, 18.336, 1.498206, 42.917988, 29.135543, , , 
0.192, 18.336, 49.197173, 21.170777, 16.100706, , , 
0.192, 18.336, 1.163205, 54.122492, 67.33381, , , 
0.192, 18.336, 46.909179, 4.720793, 19.01659, , , 
0.192, 18.336, 40.764145, 4.398156, 53.894587, , , 
0.192, 18.336, 51.51944, 74.232447, 67.885641, , , 
0.192, 18.336, 58.399432, 1.523117, 50.7708, , , 
0.192, 18.336, 33.202418, 31.090307, 27.035441, , , 
0.192, 18.336, 56.29469, 27.265609, 50.105104, , , 
0.192, 18.336, 2.412709, 54.12349, 52.082752, , , 
0.192, 18.336, 23.39815, 65.971003, 4.572562, , , 
0.192, 18.336, 57.302652, 49.012213, 42.36871, , , 
0.192, 18.336, 15.37436, 52.806519, 35.474827, , , 
0.192, 18.336, 68.523239, 2.707486, 70.070619, , , 
0.192, 18.336, 37.733086, 15.09806, 12.332132, , , 
0.192, 18.336, 21.203626, 27.235079, 11.024773, , , 
0.192, 18.336, 2.592572, 16.22371, 64.227986, , , 
0.192, 18.336, 56.498073, 42.2128, 26.112231, , , 
0.192, 18.336, 25.733872, 58.336753, 34.193251, , , 
0.192, 18.336, 55.500779, 57.522263, 46.451197, , , 
0.192, 18.336, 38.146362, 48.594663, 20.988132, , , 
0.192, 18.336, 28.766975, 56.997246, 5.546761, , , 
0.192, 18.336, 7.357308, 50.061711, 32.480408, 37.0388899725594, 41.028701, 37.71410100762579, 3.314599992374204, 78.74280200762578, 47.297015, 44.23633658888666, 3.060678411113344, 91.53335158888665, 46.285425, 43.588152740215385, 2.6972722597846164, 89.8735777402154, 26.2543635, 24.036192, 41.9487995, 15.425893, 7.357308, 9.0, 30.0, 5.333454, 29.4216425, 27.7570025, 142.950048, 50.061711, 8.0, 35.0, 36.6193375, 43.1752, 52.772723, 186.9189, 32.480408, 7.0, 29.0
0.202, 20.301, 3.258752, 7.641114, 107.217623, , , 
0.202, 20.301, 32.7278, 129.046329, 121.061895, , , 
0.202, 20.301, 57.441719, 54.193032, 233.015945, , , 
0.202, 20.301, 44.782721, 36.545249, 224.154281, , , 
0.202, 20.301, 29.950228, 18.116191, 79.104422, , , 
0.202, 20.301, 53.685584, 159.125504, 10.919523, , , 
0.202, 20.301, 55.944023, 33.349495, 36.11286, , , 
0.202, 20.301, 69.110398, 17.048721, 189.895744, , , 
0.202, 20.301, 8.040889, 28.993829, 182.910374, , , 
0.202, 20.301, 25.266928, 48.827384, 161.295104, , , 
0.202, 20.301, 62.004903, 106.036381, 19.366559, , , 
0.202, 20.301, 30.095996, 1.629049, 26.751352, , , 
0.202, 20.301, 27.8935, 35.814096, 55.84163, , , 
0.202, 20.301, 47.227574, 16.2852, 78.993228, , , 
0.202, 20.301, 9.889111, 60.929756, 68.838323, , , 
0.202, 20.301, 1.399558, 61.583254, 5.229278, , , 
0.202, 20.301, 20.300209, 51.433973, 63.490585, , , 
0.202, 20.301, 36.003191, 56.435051, 12.651672, , , 
0.202, 20.301, 14.104857, 39.552785, 83.518235, , , 
0.202, 20.301, 73.583927, 58.61253, 31.590147, , , 
0.202, 20.301, 47.931524, 54.688714, 45.069775, , , 
0.202, 20.301, 3.931111, 62.030906, 18.354853, , , 
0.202, 20.301, 32.320282, 72.210103, 4.112438, , , 
0.202, 20.301, 45.43898, 31.569286, 88.058566, , , 
0.202, 20.301, 34.418277, 13.189249, 68.062065, , , 
0.202, 20.301, 50.58889, 39.613414, 6.007979, , , 
0.202, 20.301, 71.873486, 17.7035, 37.014146, , , 
0.202, 20.301, 25.007791, 24.309683, 70.9169, , , 
0.202, 20.301, 30.371272, 90.761456, 82.019797, , , 
0.202, 20.301, 4.545874, 79.17259, 9.002883, , , 
0.202, 20.301, 19.046299, 27.549794, 66.013878, , , 
0.202, 20.301, 45.46789, 35.901672, 79.672708, , , 
0.202, 20.301, 30.619142, 90.569614, 40.097175, , , 
0.202, 20.301, 47.564526, 47.616804, 32.651535, , , 
0.202, 20.301, 55.012929, 37.138463, 21.234859, , , 
0.202, 20.301, 48.20648, 57.023177, 95.834078, , , 
0.202, 20.301, 60.325098, 21.001141, 20.251923, , , 
0.202, 20.301, 58.031762, 16.651301, 1.839909, , , 
0.202, 20.301, 16.440298, 1.571564, 47.034216, , , 
0.202, 20.301, 28.417114, 3.12217, 80.890746, 43.55915912022626, 36.456753, 19.84748094276272, 16.609272057237284, 56.304233942762714, 46.11482, 33.69328476695511, 12.421535233044892, 79.80810476695511, 67.652458, 58.824106055359906, 8.828351944640092, 126.4765640553599, 43.6359155, 60.7577255, 11.7960865, 91.395659, -35.963657, 0.0, 0.0, 77.4318825, 56.650622, 53.361192, 113.53791825, 3.12217, 0.0, 0.0, 90.3308315, 38.329961, 37.5083805, 169.564508, -41.725296, 0.0, 0.0
0.212, 22.366, 45.672103, 182.463907, 166.785019, , , 
0.212, 22.366, 206.083181, 53.273535, 6.723313, , , 
0.212, 22.366, 6.376246, 1.737086, 60.18948, , , 
0.212, 22.366, 39.152715, 55.340014, 12.22111, , , 
0.212, 22.366, 25.677543, 68.153629, 48.525654, , , 
0.212, 22.366, 82.590321, 61.614594, 65.693739, , , 
0.212, 22.366, 5.706372, 72.012915, 96.905435, , , 
0.212, 22.366, 63.748804, 63.248551, 60.799486, , , 
0.212, 22.366, 12.264237, 6.111497, 6.724134, , , 
0.212, 22.366, 33.53376, 26.622321, 6.029506, , , 
0.212, 22.366, 81.184834, 68.244215, 62.682223, , , 
0.212, 22.366, 45.538845, 14.711594, 74.256783, , , 
0.212, 22.366, 11.374997, 14.589139, 67.505884, , , 
0.212, 22.366, 9.36247, 67.389636, 71.863318, , , 
0.212, 22.366, 10.970032, 63.462192, 67.811395, , , 
0.212, 22.366, 41.206227, 86.721961, 76.186793, , , 
0.212, 22.366, 53.681792, 37.862832, 32.185284, , , 
0.212, 22.366, 20.777705, 81.429061, 42.363918, , , 
0.212, 22.366, 35.837123, 100.291149, 87.673727, , , 
0.212, 22.366, 42.417753, 1.312101, 47.48895, , , 
0.212, 22.366, 66.696785, 11.452177, 23.799089, , , 
0.212, 22.366, 12.563907, 20.187525, 99.800254, , , 
0.212, 22.366, 5.581846, 96.878408, 23.261014, , , 
0.212, 22.366, 55.483093, 14.926031, 26.602871, , , 
0.212, 22.366, 18.145072, 60.551226, 18.244623, , , 
0.212, 22.366, 48.3869, 67.749025, 4.429069, , , 
0.212, 22.366, 33.377609, 54.41303, 88.744275, , , 
0.212, 22.366, 21.785521, 58.245891, 1.701857, , , 
0.212, 22.366, 29.967503, 12.024789, 6.097816, , , 
0.212, 22.366, 6.048149, 37.496544, 71.825127, , , 
0.212, 22.366, 20.948596, 3.74558, 77.432004, , , 
0.212, 22.366, 72.921163, 67.327864, 8.346767, , , 
0.212, 22.366, 46.010775, 57.771639, 48.81707, , , 
0.212, 22.366, 72.586519, 18.681754, 2.230434, , , 
0.212, 22.366, 14.856981, 0.986725, 1.473008, , , 
0.212, 22.366, 24.612383, 1.192303, 76.208959, , , 
0.212, 22.366, 70.200694, 26.696074, 8.674595, , , 
0.212, 22.366, 5.683781, 69.252728, 89.393587, , , 
0.212, 22.366, 35.780678, 36.170329, 54.934433, , , 
0.212, 22.366, 32.958625, 69.654226, 6.586705, 50.82255444716969, 39.19382, 34.94205543689356, 4.25176456310644, 74.13587543689356, 47.799873, 35.94768814481591, 11.852184855184086, 83.74756114481592, 47.480446, 36.82091569692447, 10.65953030307553, 84.30136169692447, 57.359297, 54.557269, 13.4983725, 123.15068375, -52.29301425, 0.0, 0.0, 47.433268, 6.382139, 20.621062, 182.463907, -19.597247, 0.0, 0.0, 34.3558645, 35.6440195, 74.6285655, 166.785019, 6.586705, 14.0, 39.0
0.222, 24.531, 5.563187, 276.309933, 261.569124, , , 
0.222, 24.531, 65.664272, 221.622552, 248.497056, , , 
0.222, 24.531, 45.555718, 212.480724, 170.959783, , , 
0.222, 24.531, 16.707426, 320.281943, 299.052055, , , 
0.222, 24.531, 92.832274, 94.269833, 35.152262, , , 
0.222, 24.531, 75.073616, 72.515977, 73.465058, , , 
0.222, 24.531, 19.171314, 19.594886, 38.187839, , , 
0.222, 24.531, 16.140153, 93.43075, 92.282546, , , 
0.222, 24.531, 25.36948, 111.276171, 91.586992, , , 
0.222, 24.531, 47.611255, 24.967149, 116.710773, , , 
0.222, 24.531, 86.512491, 91.601676, 66.171531, , , 
0.222, 24.531, 29.980423, 24.329338, 7.117996, , , 
0.222, 24.531, 8.375487, 9.557141, 125.239612, , , 
0.222, 24.531, 23.044015, 85.739536, 93.308047, , , 
0.222, 24.531, 10.347218, 73.48483, 9.44479, , , 
0.222, 24.531, 27.404765, 80.206807, 22.504268, , , 
0.222, 24.531, 41.578955, 100.765118, 71.180698, , , 
0.222, 24.531, 68.590577, 31.293578, 29.794649, , , 
0.222, 24.531, 47.607942, 33.926689, 48.884994, , , 
0.222, 24.531, 70.101386, 73.905793, 98.948228, , , 
0.222, 24.531, 55.445244, 73.640926, 53.379571, , , 
0.222, 24.531, 21.888242, 103.295587, 21.681679, , , 
0.222, 24.531, 71.953007, 71.54352, 48.899148, , , 
0.222, 24.531, 52.308581, 94.029813, 10.786783, , , 
0.222, 24.531, 27.069314, 114.099469, 65.546211, , , 
0.222, 24.531, 78.663568, 93.939596, 102.89958, , , 
0.222, 24.531, 51.264461, 95.956215, 89.916086, , , 
0.222, 24.531, 57.36915, 7.40322, 118.462252, , , 
0.222, 24.531, 52.426551, 125.695077, 90.612936, , , 
0.222, 24.531, 6.557397, 10.61401, 33.4765, , , 
0.222, 24.531, 60.834071, 69.470212, 43.818802, , , 
0.222, 24.531, 82.677821, 95.09465, 25.891067, , , 
0.222, 24.531, 62.427887, 2.171826, 0.792245, , , 
0.222, 24.531, 5.65343, 32.062738, 81.97507, , , 
0.222, 24.531, 24.031122, 120.866288, 93.130814, , , 
0.222, 24.531, 6.114614, 82.408174, 5.501748, , , 
0.222, 24.531, 69.980549, 80.075144, 7.014776, , , 
0.222, 24.531, 50.559227, 76.699798, 16.511543, , , 
0.222, 24.531, 48.191431, 58.002396, 84.959204, , , 
0.222, 24.531, 44.209713, 28.705134, 100.70831, 58.87206080024829, 43.821412, 25.021362769634713, 18.80004923036529, 68.84277476963472, 87.183335, 67.3200033058281, 19.863331694171904, 154.5033383058281, 77.400546, 67.6795066160932, 9.721039383906797, 145.0800526160932, 67.061873, 62.773315, 33.695734, 117.1110815, -16.3534745, 0.0, 0.0, 58.2844125, 73.7733595, 40.042111, 276.309933, 12.67865875, 0.0, 0.0, 91.441152, 76.1638995, 38.647651, 261.569124, -40.5426005, 0.0, 0.0
0.232, 26.796, 16.674145, 157.469343, 33.785195, , , 
0.232, 26.796, 11.080419, 157.991953, 375.608813, , , 
0.232, 26.796, 26.382198, 24.591012, 23.171119, , , 
0.232, 26.796, 204.900305, 129.526508, 7.124819, , , 
0.232, 26.796, 109.644067, 82.185206, 113.507082, , , 
0.232, 26.796, 23.742025, 90.962281, 140.463422, , , 
0.232, 26.796, 7.557565, 66.116829, 81.821724, , , 
0.232, 26.796, 67.095573, 53.674234, 5.590334, , , 
0.232, 26.796, 6.412841, 8.130029, 40.412072, , , 
0.232, 26.796, 21.448592, 133.188222, 36.096421, , , 
0.232, 26.796, 65.095919, 151.276287, 182.498585, , , 
0.232, 26.796, 2.173162, 39.50855, 21.53614, , , 
0.232, 26.796, 32.124161, 62.998749, 40.079139, , , 
0.232, 26.796, 72.292423, 77.075591, 132.559745, , , 
0.232, 26.796, 30.193758, 65.30253, 61.404139, , , 
0.232, 26.796, 62.895251, 133.925047, 64.574263, , , 
0.232, 26.796, 6.858564, 147.285332, 9.227952, , , 
0.232, 26.796, 109.259816, 5.527031, 51.870996, , , 
0.232, 26.796, 30.192133, 76.501891, 163.851707, , , 
0.232, 26.796, 75.517099, 4.664758, 17.844848, , , 
0.232, 26.796, 80.891181, 42.155443, 72.525824, , , 
0.232, 26.796, 8.006684, 132.138481, 6.928861, , , 
0.232, 26.796, 76.545235, 1.337095, 38.462776, , , 
0.232, 26.796, 10.311434, 62.933654, 60.493588, , , 
0.232, 26.796, 48.916976, 110.291842, 90.577922, , , 
0.232, 26.796, 77.432276, 76.259158, 6.439053, , , 
0.232, 26.796, 101.506945, 21.74184, 99.17319, , , 
0.232, 26.796, 46.025165, 89.884742, 1.897876, , , 
0.232, 26.796, 64.827235, 126.988992, 118.13248, , , 
0.232, 26.796, 53.830296, 13.458731, 112.019006, , , 
0.232, 26.796, 78.038396, 115.864439, 80.33935, , , 
0.232, 26.796, 101.270713, 73.737711, 16.013087, , , 
0.232, 26.796, 77.020534, 103.20035, 7.45831, , , 
0.232, 26.796, 68.539493, 163.832466, 84.696377, , , 
0.232, 26.796, 39.294417, 12.643573, 61.163761, , , 
0.232, 26.796, 73.031439, 1.015095, 3.313507, , , 
0.232, 26.796, 64.979406, 24.355546, 68.154698, , , 
0.232, 26.796, 52.445922, 129.821254, 69.127359, , , 
0.232, 26.796, 6.959571, 99.023171, 128.207324, , , 
0.232, 26.796, 30.351171, 90.32204, 28.015026, 67.75094670572354, 53.544093, 39.463385153270295, 14.080707846729704, 93.0074781532703, 78.972656, 49.968870950250526, 29.00378504974947, 128.94152695025053, 68.904177, 68.0768217146719, 0.8273552853281051, 136.9809987146719, 43.2722555, 78.20414, 65.934346, 16.674145, 30.351171, 8.0, 29.0, 142.2322545, 23.4101005, 64.661585, 258.58825875, -51.69441925, 0.0, 0.0, 109.297503, 45.185336, 96.179178, 128.9749905, 28.015026, 0.0, 0.0
0.242, 29.161, 219.220848, 320.776951, 398.813376, , , 
0.242, 29.161, 51.793439, 418.988142, 171.842479, , , 
0.242, 29.161, 98.611671, 10.12959, 23.44629, , , 
0.242, 29.161, 193.037512, 368.852138, 53.643996, , , 
0.242, 29.161, 224.350599, 56.083666, 49.900189, , , 
0.242, 29.161, 1.420996, 14.258705, 14.081458, , , 
0.242, 29.161, 117.86531, 65.443272, 137.664829, , , 
0.242, 29.161, 13.800272, 48.705454, 90.255603, , , 
0.242, 29.161, 69.275615, 114.297353, 155.893428, , , 
0.242, 29.161, 131.313534, 29.183067, 42.474457, , , 
0.242, 29.161, 8.879677, 117.818112, 8.493045, , , 
0.242, 29.161, 111.532926, 148.57427, 11.059625, , , 
0.242, 29.161, 103.137917, 118.940239, 163.696467, , , 
0.242, 29.161, 90.680191, 30.044154, 92.427927, , , 
0.242, 29.161, 81.125329, 82.890367, 128.855963, , , 
0.242, 29.161, 40.339968, 4.741783, 26.362782, , , 
0.242, 29.161, 14.491117, 61.795093, 12.237288, , , 
0.242, 29.161, 31.574505, 38.003997, 4.434808, , , 
0.242, 29.161, 36.307023, 185.250744, 7.744187, , , 
0.242, 29.161, 196.257012, 221.908639, 132.805239, , , 
0.242, 29.161, 179.188842, 235.962066, 5.611722, , , 
0.242, 29.161, 62.954026, 158.044027, 93.191455, , , 
0.242, 29.161, 112.413314, 137.90014, 109.253024, , , 
0.242, 29.161, 38.840699, 71.438417, 11.342392, , , 
0.242, 29.161, 4.503259, 2.335217, 63.933949, , , 
0.242, 29.161, 6.15805, 103.224318, 136.075082, , , 
0.242, 29.161, 100.319986, 52.615909, 97.946318, , , 
0.242, 29.161, 33.068441, 41.124624, 127.898364, , , 
0.242, 29.161, 87.964391, 84.050466, 162.795201, , , 
0.242, 29.161, 108.898392, 137.831957, 14.838169, , , 
0.242, 29.161, 42.360341, 17.212651, 69.460585, , , 
0.242, 29.161, 1.857424, 146.083101, 2.226825, , , 
0.242, 29.161, 5.23345, 85.710126, 142.516844, , , 
0.242, 29.161, 47.491041, 85.689435, 2.316369, , , 
0.242, 29.161, 55.332336, 84.549091, 139.250935, , , 
0.242, 29.161, 37.53558, 41.94358, 109.40009, , , 
0.242, 29.161, 19.452201, 165.039729, 67.242731, , , 
0.242, 29.161, 29.409134, 74.182471, 138.743374, , , 
0.242, 29.161, 65.567736, 9.402754, 23.70826, , , 
0.242, 29.161, 6.941032, 26.604775, 64.486415, 77.50275155356775, 72.012607, 61.756881648448825, 10.255725351551176, 133.76948864844883, 105.44074, 95.55942333228232, 9.88131666771768, 201.0001633322823, 82.709271, 75.17060239348969, 7.538668606510312, 157.87987339348967, 70.0966055, 187.722927, 75.6293665, 219.220848, 6.941032, 0.0, 4.0, 73.5005895, 228.9353525, 77.522304, 320.776951, 26.604775, 1.0, 3.0, 25.483751, 69.2084805, 42.149377, 398.813376, 64.486415, 1.0, 19.0
0.252, 31.626, 381.818054, 165.852046, 280.561571, , , 
0.252, 31.626, 90.801973, 184.20728, 203.191754, , , 
0.252, 31.626, 116.875004, 152.884551, 51.929032, , , 
0.252, 31.626, 27.299377, 70.05354, 184.311608, , , 
0.252, 31.626, 149.107669, 60.530508, 92.303563, , , 
0.252, 31.626, 94.296265, 65.003092, 154.175828, , , 
0.252, 31.626, 84.28301, 7.559637, 16.475958, , , 
0.252, 31.626, 54.534195, 156.180523, 2.379461, , , 
0.252, 31.626, 126.278477, 187.211321, 63.319173, , , 
0.252, 31.626, 81.535055, 177.647719, 135.042221, , , 
0.252, 31.626, 67.680833, 173.882253, 1.609703, , , 
0.252, 31.626, 12.284352, 11.855052, 25.744062, , , 
0.252, 31.626, 51.500128, 59.367545, 3.265862, , , 
0.252, 31.626, 108.579023, 30.472155, 0.94423, , , 
0.252, 31.626, 9.945923, 157.130608, 83.635869, , , 
0.252, 31.626, 60.230241, 58.270366, 85.359689, , , 
0.252, 31.626, 133.650331, 8.061702, 96.990757, , , 
0.252, 31.626, 73.977557, 143.389048, 155.062832, , , 
0.252, 31.626, 68.501365, 92.375784, 160.404119, , , 
0.252, 31.626, 42.84154, 47.991398, 172.844684, , , 
0.252, 31.626, 7.261672, 9.178624, 149.955196, , , 
0.252, 31.626, 29.193741, 32.026478, 13.754319, , , 
0.252, 31.626, 50.081615, 19.619254, 11.444614, , , 
0.252, 31.626, 69.519826, 56.38967, 21.612321, , , 
0.252, 31.626, 130.525263, 60.554124, 183.659432, , , 
0.252, 31.626, 99.030815, 92.195475, 18.421895, , , 
0.252, 31.626, 72.294283, 136.184927, 1.465283, , , 
0.252, 31.626, 111.258747, 134.517113, 8.226944, , , 
0.252, 31.626, 0.848832, 187.152555, 152.958585, , , 
0.252, 31.626, 98.997919, 57.134086, 58.732924, , , 
0.252, 31.626, 15.175708, 169.376114, 137.48481, , , 
0.252, 31.626, 110.633186, 20.59909, 144.757772, , , 
0.252, 31.626, 45.855644, 183.839262, 134.868935, , , 
0.252, 31.626, 111.968377, 3.469463, 98.016597, , , 
0.252, 31.626, 144.037295, 201.585593, 94.081849, , , 
0.252, 31.626, 129.409474, 64.111797, 31.874426, , , 
0.252, 31.626, 100.078005, 140.144743, 12.565218, , , 
0.252, 31.626, 13.618846, 11.854777, 93.685626, , , 
0.252, 31.626, 108.008657, 105.54876, 34.916475, , , 
0.252, 31.626, 25.078113, 124.227409, 13.339481, 88.17127389036479, 82.72239, 63.41732449641967, 19.30506550358033, 146.13971449641966, 95.490866, 64.05026916691418, 31.440596833085827, 159.54113516691416, 84.634346, 70.90319988336032, 13.731146116639689, 155.53754588336034, 74.607944, 25.051606, 57.0868135, 381.818054, 25.078113, 0.0, 0.0, 175.764986, 28.585011, 113.2551, 269.529815, 19.490271, 0.0, 0.0, 68.325962, 161.39994, 98.108867, 280.561571, 13.339481, 7.0, 16.0
0.262, 34.191, 255.661586, 233.233498, 425.979147, , , 
0.262, 34.191, 453.80729, 340.839912, 73.24661, , , 
0.262, 34.191, 12.231115, 122.219342, 132.717021, , , 
0.262, 34.191, 98.920877, 100.180732, 82.002826, , , 
0.262, 34.191, 64.380619, 28.956012, 80.556738, , , 
0.262, 34.191, 2.749265, 129.605398, 2.847589, , , 
0.262, 34.191, 161.296018, 139.057486, 14.935212, , , 
0.262, 34.191, 149.546861, 166.777496, 213.954726, , , 
0.262, 34.191, 191.28619, 184.555212, 171.289066, , , 
0.262, 34.191, 148.864535, 2.114696, 180.029825, , , 
0.262, 34.191, 148.162677, 106.2842, 150.679345, , , 
0.262, 34.191, 4.54179, 176.115987, 112.473018, , , 
0.262, 34.191, 176.896111, 220.398032, 14.833355, , , 
0.262, 34.191, 104.946215, 180.530885, 167.300035, , , 
0.262, 34.191, 31.61736, 17.330352, 107.636965, , , 
0.262, 34.191, 32.435507, 205.093285, 191.724417, , , 
0.262, 34.191, 153.688121, 83.678036, 11.320257, , , 
0.262, 34.191, 28.177195, 202.674208, 173.709936, , , 
0.262, 34.191, 24.340983, 128.018108, 221.935229, , , 
0.262, 34.191, 118.68135, 136.981283, 86.884799, , , 
0.262, 34.191, 147.06126, 37.469704, 25.061547, , , 
0.262, 34.191, 96.496395, 203.332758, 17.30415, , , 
0.262, 34.191, 24.69508, 212.841617, 74.461954, , , 
0.262, 34.191, 117.3264, 274.68842, 273.569681, , , 
0.262, 34.191, 174.243234, 205.484674, 190.369492, , , 
0.262, 34.191, 101.156196, 9.119347, 119.66895, , , 
0.262, 34.191, 90.250585, 33.755273, 137.109459, , , 
0.262, 34.191, 164.144476, 63.414574, 154.445719, , , 
0.262, 34.191, 60.427341, 113.556953, 29.616644, , , 
0.262, 34.191, 95.773295, 195.546447, 146.227921, , , 
0.262, 34.191, 172.06709, 20.629519, 62.134121, , , 
0.262, 34.191, 140.155947, 204.188574, 28.201555, , , 
0.262, 34.191, 48.714506, 8.60351, 153.046851, , , 
0.262, 34.191, 123.646499, 189.369977, 1.316345, , , 
0.262, 34.191, 26.522584, 130.381534, 87.920505, , , 
0.262, 34.191, 12.70594, 11.434723, 6.996863, , , 
0.262, 34.191, 11.126938, 174.801883, 104.168515, , , 
0.262, 34.191, 146.701065, 108.434196, 35.426132, , , 
0.262, 34.191, 9.595332, 19.276736, 141.728835, , , 
0.262, 34.191, 4.226988, 72.135009, 5.18731, 99.80056068284209, 103.231698, 85.88157174723464, 17.350126252765357, 189.11326974723465, 129.82772, 82.8310046207828, 46.99671537921719, 212.6587246207828, 110.250445, 87.04657389859281, 23.203871101407184, 197.29701889859282, 148.513606, 132.871305, 133.9201925, 255.661586, 4.226988, 0.0, 0.0, 54.199448, 87.2254935, 108.087983, 233.233498, 72.135009, 5.0, 28.0, 165.354585, 55.973173, 104.181021, 425.979147, 5.18731, 0.0, 0.0
0.272, 36.856, 413.992991, 179.266709, 124.776923, , , 
0.272, 36.856, 110.88618, 181.091924, 165.596603, , , 
0.272, 36.856, 27.727193, 125.229001, 84.380384, , , 
0.272, 36.856, 163.247599, 222.809442, 17.984891, , , 
0.272, 36.856, 67.473452, 18.100697, 140.442355, , , 
0.272, 36.856, 52.141878, 133.100606, 141.17018, , , 
0.272, 36.856, 50.750995, 58.691326, 116.730925, , , 
0.272, 36.856, 114.73774, 210.488265, 223.523597, , , 
0.272, 36.856, 79.476784, 6.688506, 23.443615, , , 
0.272, 36.856, 174.263056, 130.61307, 76.564632, , , 
0.272, 36.856, 33.243951, 202.212818, 147.809931, , , 
0.272, 36.856, 12.188003, 141.688661, 8.482598, , , 
0.272, 36.856, 173.932374, 90.325166, 122.904877, , , 
0.272, 36.856, 83.670638, 150.729097, 77.455725, , , 
0.272, 36.856, 126.015384, 43.064515, 89.819536, , , 
0.272, 36.856, 22.953402, 277.814209, 275.316605, , , 
0.272, 36.856, 20.911095, 109.621821, 85.685264, , , 
0.272, 36.856, 19.998723, 170.506431, 32.113379, , , 
0.272, 36.856, 65.441301, 191.594663, 88.899642, , , 
0.272, 36.856, 143.865225, 60.823769, 97.504913, , , 
0.272, 36.856, 125.409883, 21.96175, 193.028371, , , 
0.272, 36.856, 19.262107, 206.561998, 186.029926, , , 
0.272, 36.856, 56.384691, 70.209782, 115.219528, , , 
0.272, 36.856, 134.653659, 2.624383, 24.02175, , , 
0.272, 36.856, 101.199879, 158.391593, 187.807587, , , 
0.272, 36.856, 24.732487, 78.116405, 196.210038, , , 
0.272, 36.856, 29.936377, 96.835133, 193.004641, , , 
0.272, 36.856, 22.910436, 63.47456, 25.209715, , , 
0.272, 36.856, 169.929048, 118.452081, 217.306039, , , 
0.272, 36.856, 52.009691, 126.246193, 165.962363, , , 
0.272, 36.856, 29.646052, 152.299674, 257.758992, , , 
0.272, 36.856, 126.398223, 216.174903, 192.692957, , , 
0.272, 36.856, 100.914368, 48.527953, 90.436054, , , 
0.272, 36.856, 178.442262, 76.305645, 285.021123, , , 
0.272, 36.856, 81.620037, 294.296573, 71.053959, , , 
0.272, 36.856, 94.848329, 137.642412, 29.850006, , , 
0.272, 36.856, 2.789095, 200.63099, 130.070192, , , 
0.272, 36.856, 32.265238, 144.5131, 18.575794, , , 
0.272, 36.856, 119.361838, 133.482019, 190.343243, , , 
0.272, 36.856, 55.356068, 39.130413, 86.380657, 112.43489743606455, 87.874672, 73.6234747358206, 14.251197264179408, 161.4981467358206, 127.258438, 71.50878905626001, 55.74964894373998, 198.76722705626003, 124.914718, 74.26961379403507, 50.64510420596494, 199.18433179403507, 103.7535035, 134.637554, 40.8278715, 413.992991, -53.5605765, 0.0, 0.0, 166.412944, 41.3927595, 139.2729335, 207.12295975, 39.130413, 0.0, 0.0, 112.1872815, 145.266642, 211.8606775, 124.776923, 86.380657, 17.0, 40.0
0.282, 39.621, 237.549023, 571.322305, 740.587117, , , 
0.282, 39.621, 158.648916, 57.388743, 352.418524, , , 
0.282, 39.621, 342.981714, 299.714973, 391.32497, , , 
0.282, 39.621, 178.310472, 3.157694, 151.185414, , , 
0.282, 39.621, 72.084064, 235.151632, 200.075485, , , 
0.282, 39.621, 1.570256, 311.527165, 5.077888, , , 
0.282, 39.621, 156.997305, 92.772665, 125.008726, , , 
0.282, 39.621, 130.03171, 32.843256, 165.289781, , , 
0.282, 39.621, 84.108166, 273.528126, 18.827998, , , 
0.282, 39.621, 91.061904, 23.906373, 183.213132, , , 
0.282, 39.621, 74.983637, 15.534308, 197.36636, , , 
0.282, 39.621, 128.532778, 112.965683, 234.288725, , , 
0.282, 39.621, 7.342841, 250.510976, 152.030238, , , 
0.282, 39.621, 111.388335, 27.195248, 94.960484, , , 
0.282, 39.621, 170.582522, 231.570566, 97.986763, , , 
0.282, 39.621, 28.459124, 16.576582, 77.142459, , , 
0.282, 39.621, 185.570642, 13.258743, 15.150042, , , 
0.282, 39.621, 122.40349, 18.133578, 282.637109, , , 
0.282, 39.621, 138.851214, 40.682524, 165.848731, , , 
0.282, 39.621, 111.284537, 92.799098, 38.040646, , , 
0.282, 39.621, 97.167318, 26.071491, 30.734106, , , 
0.282, 39.621, 145.408975, 104.653398, 250.108019, , , 
0.282, 39.621, 20.870987, 215.621304, 161.582784, , , 
0.282, 39.621, 101.243671, 238.077599, 32.181413, , , 
0.282, 39.621, 67.720618, 34.839552, 14.268955, , , 
0.282, 39.621, 129.02125, 227.057554, 182.992496, , , 
0.282, 39.621, 70.157809, 266.297821, 1.867586, , , 
0.282, 39.621, 179.285353, 162.992939, 244.768832, , , 
0.282, 39.621, 74.735696, 181.921499, 267.104325, , , 
0.282, 39.621, 23.854601, 228.324461, 25.366279, , , 
0.282, 39.621, 38.588226, 84.445772, 207.416226, , , 
0.282, 39.621, 128.805313, 44.501042, 117.813686, , , 
0.282, 39.621, 25.574513, 28.847854, 16.660859, , , 
0.282, 39.621, 131.670264, 232.040788, 186.509524, , , 
0.282, 39.621, 72.859208, 136.068771, 210.5983, , , 
0.282, 39.621, 33.414364, 288.26534, 5.10887, , , 
0.282, 39.621, 2.499177, 197.211586, 23.311109, , , 
0.282, 39.621, 58.622695, 88.141332, 33.298772, , , 
0.282, 39.621, 31.415182, 3.828065, 196.6633, , , 
0.282, 39.621, 176.32304, 97.278942, 27.613604, 126.11879906809641, 103.549504, 69.56766796572958, 33.98183603427042, 173.1171719657296, 140.175665, 120.82865333498731, 19.347011665012687, 261.0043183349873, 148.110724, 138.95850219339783, 9.15222180660218, 287.0692261933978, 83.0227705, 104.2259275, 31.2214135, 237.549023, -46.480622, 0.0, 0.0, 19.7203405, 59.4352945, 156.3851165, 571.322305, 97.278942, 17.0, 39.0, 190.289746, 34.387376, 116.3912525, 740.587117, 5.54351225, 0.0, 0.0
0.292, 42.486, 4.858575, 17.520857, 509.877382, , , 
0.292, 42.486, 360.397001, 118.853786, 142.202296, , , 
0.292, 42.486, 73.58198, 703.785969, 614.190235, , , 
0.292, 42.486, 16.966888, 43.05913, 117.642042, , , 
0.292, 42.486, 17.716586, 96.067341, 296.0448, , , 
0.292, 42.486, 85.579806, 222.013754, 161.039907, , , 
0.292, 42.486, 31.614298, 172.409813, 88.929988, , , 
0.292, 42.486, 144.922996, 275.600507, 125.230577, , , 
0.292, 42.486, 227.852138, 98.97624, 81.032172, , , 
0.292, 42.486, 101.421428, 32.032596, 2.168604, , , 
0.292, 42.486, 158.474579, 13.362336, 180.354811, , , 
0.292, 42.486, 85.201638, 182.946366, 48.162307, , , 
0.292, 42.486, 2.115541, 168.539186, 247.415776, , , 
0.292, 42.486, 138.586203, 77.241692, 88.115705, , , 
0.292, 42.486, 22.976437, 141.079978, 301.963432, , , 
0.292, 42.486, 88.017264, 47.731315, 13.037312, , , 
0.292, 42.486, 36.612358, 16.667964, 2.083437, , , 
0.292, 42.486, 60.333281, 28.110348, 102.107141, , , 
0.292, 42.486, 136.745684, 72.772288, 90.72046, , , 
0.292, 42.486, 181.587383, 226.933724, 45.001461, , , 
0.292, 42.486, 118.252792, 87.898026, 118.504895, , , 
0.292, 42.486, 82.172379, 327.6422, 115.674046, , , 
0.292, 42.486, 214.609248, 170.6333, 284.15265, , , 
0.292, 42.486, 248.227315, 378.644464, 268.590549, , , 
0.292, 42.486, 125.957833, 296.093043, 39.975146, , , 
0.292, 42.486, 8.430332, 18.687483, 149.952635, , , 
0.292, 42.486, 26.273136, 263.275558, 193.258949, , , 
0.292, 42.486, 73.897425, 2.57704, 206.444461, , , 
0.292, 42.486, 257.410432, 302.952016, 116.533953, , , 
0.292, 42.486, 16.268627, 71.216276, 52.334168, , , 
0.292, 42.486, 342.550472, 206.757999, 416.168015, , , 
0.292, 42.486, 226.014989, 372.002138, 6.924788, , , 
0.292, 42.486, 201.094412, 294.354057, 388.551005, , , 
0.292, 42.486, 215.131922, 104.328219, 323.439724, , , 
0.292, 42.486, 127.110801, 7.870762, 660.207407, , , 
0.292, 42.486, 278.313501, 277.047822, 298.696, , , 
0.292, 42.486, 431.185402, 282.270675, 326.572134, , , 
0.292, 42.486, 107.605772, 517.427679, 201.02151, , , 
0.292, 42.486, 483.256989, 369.613912, 149.363972, , , 
0.292, 42.486, 65.791782, 420.243362, 151.111644, 140.8970014574319, 140.627921, 117.6931424231195, 22.9347785768805, 258.3210634231195, 188.181012, 156.21042147808208, 31.97059052191791, 344.39143347808204, 193.119919, 156.9920389852159, 36.1278800147841, 350.1119579852159, 129.9480035, 149.9200875, 179.4095495, 55.7556845, 65.791782, 4.0, 24.0, 22.697466, 157.415875, 138.9871375, 17.520857, 313.42164475, 12.0, 33.0, 91.2617075, 81.753178, 234.2510915, 509.877382, 151.111644, 15.0, 37.0
0.302, 45.451, 18.743682, 8.943215, 291.708403, , , 
0.302, 45.451, 12.971116, 21.93213, 293.27287, , , 
0.302, 45.451, 3.47107, 313.919524, 11.537727, , , 
0.302, 45.451, 38.849848, 19.255608, 433.497553, , , 
0.302, 45.451, 85.955263, 240.593661, 10.189598, , , 
0.302, 45.451, 174.881445, 28.328976, 84.507255, , , 
0.302, 45.451, 126.141007, 38.607132, 27.661844, , , 
0.302, 45.451, 173.74385, 298.306291, 247.935208, , , 
0.302, 45.451, 255.849791, 135.487542, 38.81208, , , 
0.302, 45.451, 25.830156, 96.099459, 